Company Name,Ticker Name,Exchange,Ticker Symbol,Division,"Type (Public, Subsidiary, Private, Defunct, Government)",Notes,"Base-
line",95,96,97,98,99,00,01,02,03,04,05,06,07,08,09,10,11,12,13,14,15,16,17,18,19,20,"Previous
Year
%
Change"
FedEx [Consumer Shipping],FedEx Corporation,NYSE,FDX,No,Public,,85,85,86,82,80,83,83,82,82,82,83,84,86,84,85,84,85,83,82,85,82,82,82,82,81,79,80,1.3
Atmos Energy [Investor-Owned Energy Utilities],Atmos Energy Corporation,NYSE,ATO,No,Public,,NM,NM,NM,NM,NM,NM,NM,NM,NM,NM,NM,NM,NM,NM,75,78,78,81,83,85,83,82,77,80,80,78,78,0.0
Salt River Project [Municipal Energy Utilities],N/A,N/A,N/A,N/A,Government,, , , , , , , , , , , , , , , , , ,82,81,81,79,80,77,78,80,78,77,-1.3
CenterPoint Energy [Investor-Owned Energy Utilities],"CenterPoint Energy, Inc.",NYSE,CNP,No,Public,,NM,NM,NM,NM,NM,NM,NM,NM,NM,NM,NM,73,72,74,75,78,78,80,82,84,81,81,76,79,82,80,77,-3.8
UPS [Consumer Shipping],"United Parcel Service, Inc.",NYSE,UPS,No,Public,,82,83,87,82,77,79,81,78,80,79,80,82,83,81,83,82,82,85,81,84,82,82,80,81,82,79,76,-3.8
NextEra Energy [Investor-Owned Energy Utilities],NextEra Energy Inc,NYSE,NEE,No,Public,,77,77,74,69,75,74,76,73,71,73,76,74,68,73,76,76,75,78,80,80,76,77,76,75,76,77,76,-1.3
Consolidated Edison [Investor-Owned Energy Utilities],"Consolidated Edison, Inc.",NYSE,ED,No,Public,,77,76,74,71,69,73,71,66,74,72,68,68,68,69,66,66,66,72,71,70,69,68,71,79,78,78,75,-3.8
Sempra Energy [Investor-Owned Energy Utilities],Sempra Energy,NYSE,SRE,No,Public,,NM,NM,NM,NM,NM,NM,NM,67,74,77,77,79,75,80,80,80,83,81,83,80,82,79,75,78,77,75,75,0.0
NiSource [Investor-Owned Energy Utilities],NiSource Inc.,NYSE,NI,No,Public,,NM,NM,NM,NM,NM,NM,NM,67,68,66,68,68,66,72,70,71,76,76,81,81,78,78,73,78,78,76,75,-1.3
Southern Company [Investor-Owned Energy Utilities],Southern Co,NYSE,SO,No,Public,,78,78,76,77,79,78,80,80,81,82,81,79,80,82,81,78,78,77,81,83,80,77,76,77,79,77,75,-2.6
Dominion Energy [Investor-Owned Energy Utilities],Dominion Energy Inc,NYSE,D,No,Public,,74,75,72,74,75,74,75,65,70,72,67,71,70,73,75,72,75,77,80,82,80,78,74,77,78,76,74,-2.6
WEC Energy [Investor-Owned Energy Utilities],WEC Energy Group Inc,NYSE,WEC,No,Public,,NM,NM,NM,NM,NM,NM,NM,NM,NM,NM,NM,NM,NM,NM,NM,NM,NM,NM,NM,NM,NM,NM,75,75,75,76,74,-2.6
Berkshire Hathaway Energy [Investor-Owned Energy Utilities],Berkshire Hathaway Inc. Class A,NYSE,BRK.A,Yes,Subsidiary,,NM,NM,NM,NM,NM,NM,NM,NM,NM,NM,NM,NM,NM,NM,78,79,79,79,79,82,77,75,72,76,76,74,74,0.0
Touchstone Energy [Cooperative Energy Utilities],"Touchstone Exploration, Inc.",TSE,TXP,No,Public,, , , , , , , , , , , , , , , , , ,83,81,83,81,80,77,78,77,75,74,-1.3
Edison International [Investor-Owned Energy Utilities],Edison International,NYSE,EIX,No,Public,,76,74,77,78,75,73,78,60,66,69,71,75,78,74,75,77,75,75,76,77,77,76,74,76,76,75,74,-1.3
Xcel Energy [Investor-Owned Energy Utilities],Xcel Energy Inc,NASDAQ,XEL,No,Public,,NM,NM,NM,NM,NM,NM,NM,65,74,73,70,68,70,71,73,76,72,74,74,76,75,76,71,73,73,74,73,-1.4
CMS Energy [Investor-Owned Energy Utilities],CMS Energy Corporation,NYSE,CMS,No,Public,,79,76,77,75,73,76,76,75,76,78,71,74,72,73,74,70,75,77,75,79,78,76,71,74,75,73,73,0.0
Ameren [Investor-Owned Energy Utilities],Ameren Corp,NYSE,AEE,No,Public,,NM,NM,NM,NM,NM,NM,NM,78,76,77,74,75,74,57,64,68,71,71,78,74,76,76,72,74,76,75,73,-2.7
PPL [Investor-Owned Energy Utilities],PPL Corp,NYSE,PPL,No,Public,,NM,NM,NM,NM,NM,NM,NM,80,80,80,79,80,81,81,78,79,74,79,80,80,79,78,75,77,78,73,73,0.0
CPS Energy [Municipal Energy Utilities],N/A,N/A,N/A,N/A,Government,, , , , , , , , , , , , , , , , , ,79,79,80,75,77,72,73,75,72,72,0.0
U.S. Postal Service (Express & Priority Mail) [Consumer Shipping],N/A,N/A,N/A,N/A,Government,,69,70,74,70,75,75,75,73,73,75,77,74,75,77,75,76,77,79,81,77,73,75,74,75,76,74,72,-2.7
LA Department of Water & Power [Municipal Energy Utilities],N/A,N/A,N/A,N/A,Government,, , , , , , , , , , , , , , , , , ,66,69,71,69,68,67,69,70,69,72,4.3
Exelon [Investor-Owned Energy Utilities],Exelon Corporation,NASDAQ,EXC,No,Public,, , , , , , , ,66,69,71,71,71,70,68,69,70,72,73,70,74,75,69,70,71,72,73,72,-1.4
Entergy [Investor-Owned Energy Utilities],Entergy Corporation,NYSE,ETR,No,Public,,75,76,75,70,70,69,74,69,74,71,73,75,70,73,74,74,73,76,78,81,76,77,70,74,75,75,72,-4.0
Public Service Enterprise Group [Investor-Owned Energy Utilities],Public Service Enterprise Group Inc.,NYSE,PEG,No,Public,,79,80,77,75,74,73,78,75,76,76,73,74,75,73,75,76,78,78,77,74,70,72,68,72,72,72,72,0.0
DTE Energy [Investor-Owned Energy Utilities],Dignity Plc,LON,DTY,No,Public,,78,78,78,75,74,74,75,74,68,72,71,68,65,70,72,71,72,73,72,78,80,74,72,73,73,72,72,0.0
Duke Energy [Investor-Owned Energy Utilities],Duke Energy Corp,NYSE,DUK,No,Public,,82,80,83,79,78,80,79,79,79,77,78,78,80,79,76,77,76,77,79,75,77,72,70,73,73,70,71,1.4
FirstEnergy [Investor-Owned Energy Utilities],FirstEnergy Corp.,NYSE,FE,No,Public,,NM,NM,NM,NM,NM,NM,NM,72,77,76,69,71,75,76,77,74,75,78,76,75,73,79,69,73,73,72,71,-1.4
National Grid [Investor-Owned Energy Utilities],National Grid plc,NYSE,NGG,No,Public,, , , , , , , , ,73,75,69,72,65,71,71,71,70,NM,NM,NM,NM,NM,71,71,73,71,70,-1.4
Eversource Energy [Investor-Owned Energy Utilities],Eversource Energy,NYSE,ES,No,Public,,70,70,72,67,65,68,72,76,72,73,68,74,72,69,68,72,74,75,59,73,71,66,65,71,70,68,69,1.5
American Electric Power [Investor-Owned Energy Utilities],American Electric Power Company Inc,NYSE,AEP,No,Public,,78,80,82,77,78,77,79,76,75,74,75,74,75,73,76,74,73,72,79,75,77,74,70,72,73,68,68,0.0
PG&E [Investor-Owned Energy Utilities],PG&E Corporation,NYSE,PCG,No,Public,,73,71,72,71,68,71,73,49,58,66,66,67,68,72,70,73,70,67,69,74,70,71,72,74,70,70,63,-10.0
Pepco Holdings [Investor-Owned Energy Utilities],N/A,N/A,N/A,N/A,Defunct,,NM,NM,NM,NM,NM,NM,NM,NM,NM,77,72,73,71,70,69,68,70,54,69,71,73,72,69,#, , , ,N/A
Unicom [Investor-Owned Energy Utilities],N/A,N/A,N/A,N/A,Private,,71,68,68,62,66,62,59,#, , , , , , , , , , , , , , , , , , , ,N/A
PECO Energy [Investor-Owned Energy Utilities],Exelon Corporation,NASDAQ,EXC,Yes,Subsidiary,Subsidiary of Exelon Corporation,NM,72,70,65,66,71,72,#, , , , , , , , , , , , , , , , , , , ,N/A
Niagara Mohawk Power [Investor-Owned Energy Utilities],National Grid plc,NYSE,NGG,Yes,Subsidiary,Acquired by National Grid plc in 2000,69,73,64,65,68,68,69,69,#, , , , , , , , , , , , , , , , , , ,N/A
KeySpan [Investor-Owned Energy Utilities],N/A,N/A,N/A,N/A,,,NM,NM,NM,NM,NM,NM,NM,68,72,71,74,70,71,74,#, , , , , , , , , , , , ,N/A
GPU [Investor-Owned Energy Utilities],N/A,N/A,N/A,N/A,,,77,79,79,69,75,75,78,#, , , , , , , , , , , , , , , , , , , ,N/A
Cinergy [Investor-Owned Energy Utilities],N/A,N/A,N/A,N/A,,,NM,NM,NM,NM,NM,NM,NM,NM,NM,NM,74,75,71,#, , , , , , , , , , , , , ,N/A
Central and South West [Investor-Owned Energy Utilities],N/A,N/A,N/A,N/A,,,77,82,78,78,NM,76,79,#, , , , , , , , , , , , , , , , , , , ,N/A
PacifiCorp [Investor-Owned Energy Utilities],N/A,N/A,N/A,N/A,,,NM,NM,NM,NM,NM,NM,NM,72,71,76,NM,NM,#, , , , , , , , , , , , , , ,N/A
Allegheny Energy [Investor-Owned Energy Utilities],N/A,N/A,N/A,N/A,,,NM,NM,NM,NM,NM,NM,NM,79,80,76,75,74,80,79,NM,NM,NM,#, , , , , , , , , ,N/A
Iberdrola [Investor-Owned Energy Utilities],Iberdrola SA,OTCMKTS,IBDRY,No,Public,,NM,NM,NM,NM,NM,NM,NM,73,73,71,70,73,74,70,75,73,72,NM,NM,NM,NM,#, , , , , ,N/A
Reliant Energy [Investor-Owned Energy Utilities],N/A,N/A,N/A,N/A,,,NM,NM,NM,68,73,73,75,67,74,70,68,69,69,65,72,69,72,#, , , , , , , , , ,N/A
Energy Future Holdings [Investor-Owned Energy Utilities],N/A,N/A,N/A,N/A,,,73,74,77,70,76,74,76,71,75,74,74,72,65,63,68,72,73,NM,NM,NM,NM,NM,NM,NM,#, , ,N/A
Long Island Power Authority [Municipal Energy Utilities],N/A,N/A,N/A,N/A,,, , , , , , , , , , , , , , , , , ,65,58,43,#, , , , , , ,N/A
Progress Energy [Investor-Owned Energy Utilities],N/A,N/A,N/A,N/A,,,NM,NM,NM,NM,NM,NM,NM,76,77,75,78,75,77,77,77,75,73,78,76,#, , , , , , , ,N/A
Unilever [Personal Care and Cleaning Products],UNILEVER N.V. Common Stock,NYSE,UL,No*,Public,,84,83,83,82,83,81,85,83,83,85,85,85,85,86,87,87,87,82,86,85,80,80,84,81,82,80,,-2.4
Optimum (Altice USA) [Internet Service Providers],Altice USA Inc,NYSE,ATUS,Yes,Subsidiary,, , , , , , , , , , , , , , , , , , , ,NM,NM,61,69,68,64,63,,-1.6
Bright House Networks [Internet Service Providers],N/A,N/A,N/A,N/A,,, , , , , , , , , , , , , , , , , , , ,NM,NM,63,67,#, , ,,N/A
Optimum (Altice USA) [Fixed-Line Telephone Service],Altice USA Inc,NYSE,ATUS,Yes,Subsidiary,,NM,NM,NM,NM,NM,NM,NM,NM,NM,NM,NM,NM,NM,NM,NM,NM,NM,NM,NM,NM,NM,67,72,71,69,69,,0.0
Windstream [Fixed-Line Telephone Service],N/A,N/A,N/A,N/A,,,NM,NM,NM,NM,NM,NM,NM,NM,NM,NM,NM,NM,NM,NM,NM,NM,NM,NM,NM,NM,NM,61,65,65,64,64,,0.0
Frontier Communications [Fixed-Line Telephone Service],Frontier Communications Corp,NASDAQ,FTR,No,Public,,NM,NM,NM,NM,NM,NM,NM,NM,NM,NM,NM,NM,NM,NM,NM,NM,NM,NM,NM,NM,NM,59,67,61,57,61,,7.0
Vonage [Fixed-Line Telephone Service],Vonage Holdings Corp.,NASDAQ,VG,No,Public,,NM,NM,NM,NM,NM,NM,NM,NM,NM,NM,NM,NM,NM,NM,NM,NM,NM,NM,NM,NM,NM,73,78,80,76,77,,1.3
Orbitz (Expedia) [Internet Travel Services],Expedia Group Inc,NASDAQ,EXPE,Yes,Subsidiary,, , , , , , , , ,76,77,75,74,75,73,74,76,75,76,76,NM***,77,75,77,78,81,81,,0.0
Spirit [Airlines],Spirit Airlines Incorporated,NYSE,SAVE,No,Public,,NM,NM,NM,NM,NM,NM,NM,NM,NM,NM,NM,NM,NM,NM,NM,NM,NM,NM,NM,NM,NM,54,62,61,62,63,,1.6
Allegiant [Airlines],Allegiant Travel Company,NASDAQ,ALGT,No,Public,,NM,NM,NM,NM,NM,NM,NM,NM,NM,NM,NM,NM,NM,NM,NM,NM,NM,NM,NM,NM,NM,65,65,71,74,71,,-4.1
Alaska [Airlines],"Alaska Air Group, Inc.",NYSE,ALK,No,Public,,NM,NM,NM,NM,NM,NM,NM,NM,NM,NM,NM,NM,NM,NM,NM,NM,NM,NM,NM,NM,NM,75,77,78,79,80,,1.3
Frontier Communications [Internet Service Providers],Frontier Communications Corp,NASDAQ,FTR,No,Public,, , , , , , , , , , , , , , , , , , , ,NM,NM,61,56,56,54,55,,1.9
Mediacom [Internet Service Providers],N/A,N/A,N/A,N/A,,, , , , , , , , , , , , , , , , , , , ,NM,NM,57,57,58,53,56,,5.7
Bright House Networks [Fixed-Line Telephone Service],N/A,N/A,N/A,N/A,,,NM,NM,NM,NM,NM,NM,NM,NM,NM,NM,NM,NM,NM,NM,NM,NM,NM,NM,NM,NM,NM,73,72,#, , ,,N/A
Mitsubishi Electric & Electronics [Televisions and Video Players],MITSUBISHI ELEC/ADR,OTCMKTS,MIELY,No*,Public,Subsidiary of Mitsubishi Group.,81,82,83,81,83,^,^,^,^,^,^,^,^,^,^,^,^,^,^,^,^,^,^,^,^,^,,N/A
Allstate [Property and Casualty Insurance],Allstate Corp,NYSE,ALL,No,Public,,74,73,74,71,73,73,75,76,74,73,76,76,78,78,79,79,78,78,79,77,77,73,77,78,78,78,,0.0
Farmers [Property and Casualty Insurance],Farmers National Banc Corp,NASDAQ,FMNB,No,Public,,76,71,72,71,72,75,73,73,72,75,77,73,78,76,77,78,76,79,79,76,77,71,77,79,80,80,,0.0
GEICO [Property and Casualty Insurance],N/A,N/A,N/A,N/A,,,NM,NM,NM,NM,NM,NM,NM,NM,NM,79,78,78,83,80,80,81,81,81,79,81,77,77,78,80,80,79,,-1.3
Progressive [Property and Casualty Insurance],Progressive Corp,NYSE,PGR,No,Public,,NM,NM,NM,NM,NM,NM,NM,NM,NM,NM,75,75,73,79,79,80,79,79,81,78,76,74,77,78,78,78,,0.0
State Farm [Property and Casualty Insurance],N/A,N/A,N/A,N/A,,,78,79,77,78,78,78,79,79,77,78,81,79,81,81,80,82,82,82,81,79,81,78,77,79,81,81,,0.0
Expedia [Internet Travel Services],Expedia Group Inc,NASDAQ,EXPE,No*,Public,, , , , , , , , ,80,78,76,79,78,75,77,79,79,77,76,NM***,76,77,77,80,78,79,,1.3
Mediacom [Subscription Television Service],N/A,N/A,N/A,N/A,,, , , , , , , ,NM,NM,NM,NM,NM,NM,NM,NM,NM,NM,NM,NM,NM,NM,51,54,56,55,56,,1.8
Suddenlink (Altice USA) [Subscription Television Service],Altice USA Inc,NYSE,ATUS,Yes,Subsidiary,, , , , , , , ,NM,NM,NM,NM,NM,NM,NM,NM,NM,NM,NM,NM,NM,NM,57,62,63,58,55,,-5.2
Bright House Networks [Subscription Television Service],N/A,N/A,N/A,N/A,,, , , , , , , ,NM,NM,NM,NM,NM,NM,NM,NM,NM,NM,NM,NM,NM,NM,65,66,#, , ,,N/A
Optimum (Altice USA) [Subscription Television Service],Altice USA Inc,NYSE,ATUS,Yes,Subsidiary,, , , , , , , ,NM,NM,NM,NM,NM,NM,NM,NM,NM,NM,NM,NM,NM,NM,67,66,66,62,61,,-1.6
Frontier [Airlines],N/A,N/A,N/A,N/A,,,NM,NM,NM,NM,NM,NM,NM,NM,NM,NM,NM,NM,NM,NM,NM,NM,NM,NM,NM,NM,NM,58,66,63,62,64,,3.2
La Quinta (Wyndham) [Hotels],Wyndham Hotels & Resorts Inc,NYSE,WH,Yes,Subsidiary,,NM,NM,NM,NM,NM,NM,NM,NM,NM,NM,NM,NM,NM,NM,NM,NM,NM,NM,NM,NM,NM,76,75,75,76,74,,-2.6
PetSmart [Specialty Retail Stores],N/A,N/A,N/A,N/A,,, , , , , , , ,NM,NM,NM,NM,NM,NM,NM,NM,NM,NM,NM,NM,NM,80,77,78,79,79,78,,-1.3
BJ's Wholesale Club [Department and Discount Stores],BJs Wholesale Club Holdings Inc,NYSE,BJ,No,Public,, , , , , , , ,NM,NM,NM,NM,NM,NM,NM,NM,NM,NM,NM,NM,NM,81,76,79,80,79,79,,0.0
Bed Bath & Beyond [Specialty Retail Stores],Bed Bath & Beyond Inc.,NASDAQ,BBBY,No,Public,, , , , , , , ,NM,NM,NM,NM,NM,NM,NM,NM,NM,NM,NM,NM,NM,81,75,79,80,79,80,,1.3
Walmart [Health and Personal Care Stores],Walmart Inc,NYSE,WMT,No,Public,, , , , , , , , , , , ,NM,NM,NM,NM,NM,NM,NM,NM,NM,68,68,76,75,73,74,,1.4
Target [Health and Personal Care Stores],Target Corporation,NYSE,TGT,No,Public,, , , , , , , , , , , ,NM,NM,NM,NM,NM,NM,NM,NM,NM,78,80,79,#, , ,,N/A
Kroger [Health and Personal Care Stores],Kroger Co,NYSE,KR,No,Public,, , , , , , , , , , , ,NM,NM,NM,NM,NM,NM,NM,NM,NM,81,81,81,80,81,78,,-3.7
Family Dollar [Department and Discount Stores],N/A,N/A,N/A,N/A,,,NM,NM,NM,NM,NM,NM,NM,NM,NM,NM,NM,NM,NM,NM,NM,NM,NM,NM,NM,NM,75,#, , , , ,,N/A
Dollar Tree [Department and Discount Stores],"Dollar Tree, Inc.",NASDAQ,DLTR,No,Public,,NM,NM,NM,NM,NM,NM,NM,NM,NM,NM,NM,NM,NM,NM,NM,NM,NM,NM,NM,NM,79,76,80,77,77,77,,0.0
Audi (Volkswagen) [Automobiles and Light Vehicles],VOLKSWAGEN GROUP Common Stock,OTCMKTS,VLKPF,Yes,Subsidiary,,NM,NM,NM,NM,NM,NM,NM,NM,NM,NM,NM,NM,NM,NM,NM,NM,NM,NM,NM,NM,79,78,83,82,83,82,,-1.2
Domino's [Limited-Service Restaurants],"Domino's Pizza, Inc.",NYSE,DPZ,No,Public,,67,70,68,68,70,67,69,73,75,75,NM**,71,75,75,75,77,77,77,77,81,80,75,78,78,79,79,,0.0
Travelocity (Expedia) [Internet Travel Services],Expedia Group Inc,NASDAQ,EXPE,Yes,Subsidiary,, , , , , , , , ,76,76,76,75,74,73,75,75,77,79,75,NM***,74,75,78,77,80,77,,-3.8
Menards [Specialty Retail Stores],N/A,N/A,N/A,N/A,,, , , , , , , ,NM,NM,NM,NM,NM,NM,NM,NM,NM,NM,NM,NM,NM,78,78,79,80,80,80,,0.0
Big Lots [Department and Discount Stores],"Big Lots, Inc.",NYSE,BIG,No,Public,, , , , , , , ,NM,NM,NM,NM,NM,NM,NM,NM,NM,NM,NM,NM,NM,77,74,77,74,75,73,,-2.7
G6 Hospitality (Motel 6) [Hotels],N/A,N/A,N/A,N/A,,,NM,NM,NM,NM,NM,NM,NM,NM,NM,NM,NM,NM,NM,NM,NM,NM,NM,NM,NM,NM,NM,63,65,65,65,64,,-1.5
Target [Supermarkets],Target Corporation,NYSE,TGT,No,Public,,NM,NM,NM,NM,NM,NM,NM,NM,NM,NM,NM,NM,NM,NM,NM,NM,NM,NM,NM,NM,81,71,78,79,78,79,,1.3
Giant Eagle [Supermarkets],N/A,N/A,N/A,N/A,,,NM,NM,NM,NM,NM,NM,NM,NM,NM,NM,NM,NM,NM,NM,NM,NM,NM,NM,NM,NM,72,67,74,76,76,76,,0.0
"Ahold USA (Stop & Shop, Giant) [Supermarkets]",N/A,N/A,N/A,N/A,,,NM,NM,NM,NM,NM,NM,NM,NM,NM,NM,NM,NM,NM,NM,NM,NM,NM,NM,NM,NM,72,70,#, , , ,,N/A
ShopRite [Supermarkets],SHOPRITE HOLDIN/S ADR,OTCMKTS,SRGHY,No,Public,,NM,NM,NM,NM,NM,NM,NM,NM,NM,NM,NM,NM,NM,NM,NM,NM,NM,NM,NM,NM,77,75,79,79,79,80,,1.3
Aldi [Supermarkets],N/A,N/A,N/A,N/A,,,NM,NM,NM,NM,NM,NM,NM,NM,NM,NM,NM,NM,NM,NM,NM,NM,NM,NM,NM,NM,81,81,83,84,84,83,,-1.2
H-E-B [Supermarkets],N/A,N/A,N/A,N/A,,,NM,NM,NM,NM,NM,NM,NM,NM,NM,NM,NM,NM,NM,NM,NM,NM,NM,NM,NM,NM,82,82,83,83,82,84,,2.4
Wegmans [Supermarkets],N/A,N/A,N/A,N/A,,,NM,NM,NM,NM,NM,NM,NM,NM,NM,NM,NM,NM,NM,NM,NM,NM,NM,NM,NM,NM,85,86,83,84,85,84,,-1.2
Trader Joe's [Supermarkets],N/A,N/A,N/A,N/A,,,NM,NM,NM,NM,NM,NM,NM,NM,NM,NM,NM,NM,NM,NM,NM,NM,NM,NM,NM,NM,85,83,86,85,86,84,,-2.3
Texas Roadhouse [Full-Service Restaurants],Texas Roadhouse Inc,NASDAQ,TXRH,No,Public,, , , , , , , , , , , , , ,NM,NM,NM,NM,NM,NM,NM,NM,83,82,82,83,83,,0.0
GameStop [Specialty Retail Stores],GameStop Corp.,NYSE,GME,No,Public,, , , , , , , ,NM,NM,NM,NM,NM,NM,NM,NM,NM,NM,NM,NM,NM,77,78,80,77,74,75,,1.4
Priceline [Internet Travel Services],N/A,N/A,N/A,N/A,,, , , , , , ,66,69,71,71,73,72,72,73,72,76,73,76,74,NM***,75,75,81,77,78,76,,-2.6
CBS Broadcasting [Network/Cable TV News],N/A,N/A,N/A,N/A,,,79,75,^,^,^,^,^,^,^,^,^,^,^,^,^,^,^,^,^,^,^,^,^,^,^,^,,N/A
Google [Internet Search Engines and Information],Alphabet Inc Class A,NASDAQ,GOOGL,No,Public,, , , , , , ,NM,NM,80,82,82,82,81,78,86,86,80,83,82,77,83,78,84,82,82,79,,-3.7
MSN (Microsoft) [Internet Search Engines and Information],Microsoft Corporation,NASDAQ,MSFT,Yes,Subsidiary,, , , , , , ,71,67,72,74,75,75,74,75,75,75,75,78,78,74,73,74,75,72,76,72,,-5.3
Yahoo! (Verizon Media) [Internet Search Engines and Information],Verizon Communications Inc.,NYSE,VZ,Yes,Subsidiary,, , , , , , ,74,73,76,78,78,80,76,79,77,77,76,79,78,76,71,75,74,73,74,70,,-5.4
BMW [Automobiles and Light Vehicles],BAYERISCHE MOTO/S ADR,OTCMKTS,BMWYY,No,Public,,82,81,81,80,86,86,84,86,86,85,84,86,85,86,87,87,86,83,86,82,80,82,85,82,82,82,,0.0
Cadillac (GM) [Automobiles and Light Vehicles],General Motors Company,NYSE,GM,Yes,Subsidiary,,83,84,88,84,88,85,86,88,86,87,83,86,84,86,85,89,86,87,86,85,80,80,79,83,82,81,,-1.2
Chevrolet (GM) [Automobiles and Light Vehicles],General Motors Company,NYSE,GM,Yes,Subsidiary,,77,79,79,78,79,76,80,78,78,79,77,78,81,82,79,83,80,82,84,79,82,79,83,81,79,80,,1.3
Chrysler (Fiat Chrysler) [Automobiles and Light Vehicles],Fiat Chrysler Automobiles NV,NYSE,FCAU,Yes,Subsidiary,,81,82,80,80,80,79,80,78,80,82,80,80,80,79,80,84,80,76,78,83,81,74,79,79,74,71,,-4.1
Dodge (Fiat Chrysler) [Automobiles and Light Vehicles],Fiat Chrysler Automobiles NV,NYSE,FCAU,Yes,Subsidiary,,80,77,77,77,78,75,81,77,78,78,75,78,78,80,78,81,78,79,81,79,78,76,78,75,77,74,,-3.9
Ford [Automobiles and Light Vehicles],Ford Motor Company,NYSE,F,No,Public,,75,79,78,77,77,77,77,78,78,80,76,75,77,80,80,83,82,84,83,83,81,79,81,79,77,77,,0.0
GMC (GM) [Automobiles and Light Vehicles],General Motors Company,NYSE,GM,Yes,Subsidiary,,NM,NM,NM,80,78,81,81,79,81,83,80,81,82,82,83,82,84,83,80,85,82,78,84,84,80,78,,-2.5
Honda [Automobiles and Light Vehicles],Honda Motor Co Ltd,NYSE,HMC,No,Public,,85,86,83,82,81,83,82,83,82,82,85,86,86,84,86,88,84,85,83,86,83,80,86,81,83,82,,-1.2
Bing (Microsoft) [Internet Search Engines and Information],Microsoft Corporation,NASDAQ,MSFT,Yes,Subsidiary,, , , , , , ,NM,NM,NM,NM,NM,NM,NM,NM,NM,NM,77,82,81,76,73,72,75,73,73,72,,-1.4
AOL (Verizon Media) [Internet Search Engines and Information],Verizon Communications Inc.,NYSE,VZ,Yes,Subsidiary,, , , , , , ,56,58,59,65,67,71,74,67,69,70,74,75,74,71,70,74,69,70,68,74,,8.8
AltaVista [Internet Search Engines and Information],N/A,N/A,N/A,N/A,,, , , , , , ,NM,NM,61,63,66,NM,NM,NM,NM,NM,NM,NM,NM,†, , , , , , ,,N/A
NBC Television Network [Network/Cable TV News],Comcast Corporation,NASDAQ,CMCSA,Yes,Subsidiary,,76,74,^,^,^,^,^,^,^,^,^,^,^,^,^,^,^,^,^,^,^,^,^,^,^,^,,N/A
Turner Broadcasting System [Network/Cable TV News],N/A,N/A,N/A,N/A,,,82,81,^,^,^,^,^,^,^,^,^,^,^,^,^,^,^,^,^,^,^,^,^,^,^,^,,N/A
Sprint [Wireless Telephone Service],T-Mobile Us Inc,NASDAQ,TMUS,Yes,Subsidiary,"Acquired by T-Mobile April 1, 2020.", , , , , , , , , , ,59,63,63,61,56,63,70,72,71,71,68,65,70,73,70,69,,-1.4
Motorola (Lenovo) [Cellular Telephones],Lenovo Group Limited,OTCMKTS,LNVGY,Yes,Subsidiary,"{“GOOGL” : “5/22/2012”, “LNVGY” : 10/30/2014”} ",, , , , , , , , , ,70,70,71,72,74,72,76,77,73,77,77,79,77,76,79,80,,1.3
BlackBerry [Cellular Telephones],BlackBerry Ltd,NYSE,BB,No,Public,, , , , , , , , , , ,NM,NM,NM,NM,NM,NM,NM,NM,69,69,74,78,NM,NM,NM,NM,,N/A
ABCNews.com [Internet News and Opinion],N/A,N/A,N/A,N/A,,, , , , , , , , ,74,74,74,74,73,74,75,71,75,77,76,75,74,74,76,74,71,73,,2.8
CNN.com (WarnerMedia/AT&T) [Internet News and Opinion],AT&T Inc.,NYSE,T,Yes,Subsidiary, {“T”: “6/14/2018”},, , , , , , , ,72,72,74,72,74,73,73,71,73,74,75,73,70,73,75,71,68,69,,1.5
FOXNews.com [Internet News and Opinion],Fox Corp Class A,NASDAQ,FOXA,Yes,Subsidiary,, , , , , , , , ,NM,NM,NM,NM,NM,NM,NM,NM,82,82,84,82,76,76,79,77,78,78,,0.0
NBCNews.com [Internet News and Opinion],Comcast Corporation,NASDAQ,CMCSA,Yes,Subsidiary,, , , , , , , , ,73,74,74,73,72,74,76,73,74,74,73,75,73,75,77,72,71,73,,2.8
NYTimes.com [Internet News and Opinion],New York Times Co,NYSE,NYT,No,,, , , , , , , , ,71,70,72,72,72,73,75,73,76,73,74,74,73,76,76,73,75,76,,1.3
USATODAY.com [Internet News and Opinion],N/A,N/A,N/A,N/A,,, , , , , , , , ,71,72,72,72,74,72,73,74,77,76,75,73,76,74,76,74,71,74,,4.2
Hyundai [Automobiles and Light Vehicles],HYUNDAI MTR CO/GDR,OTCMKTS,HYMTF,No,,,68,68,69,68,72,68,76,81,78,81,81,84,84,83,83,85,82,83,85,82,81,81,81,83,80,79,,-1.3
Jeep (Fiat Chrysler) [Automobiles and Light Vehicles],Fiat Chrysler Automobiles NV,NYSE,FCAU,Yes,,,78,77,76,74,77,77,75,76,79,79,77,78,77,75,76,79,77,79,83,80,79,75,78,80,80,76,,-5.0
Kia [Automobiles and Light Vehicles],Kia Motors Corporation,KRX,000270,No,,,NM,NM,NM,NM,NM,NM,NM,NM,NM,NM,NM,NM,77,78,80,81,80,81,82,82,82,78,79,82,79,76,,-3.8
Panasonic [Televisions and Video Players],Panasonic Corporation,OTCMKTS,PCRFY,No,,,80,80,80,83,79,^,^,^,^,^,^,^,^,^,^,^,^,^,^,^,^,^,^,^,^,^,,N/A
Philips Electronics [Televisions and Video Players],Koninklijke Philips NV,NYSE,PHG,No,,,84,81,82,79,79,^,^,^,^,^,^,^,^,^,^,^,^,^,^,^,^,^,^,^,^,^,,N/A
RCA (Thomson) [Televisions and Video Players],N/A,N/A,N/A,N/A,,,83,82,79,79,76,^,^,^,^,^,^,^,^,^,^,^,^,^,^,^,^,^,^,^,^,^,,N/A
Buick (GM) [Automobiles and Light Vehicles],General Motors Company,NYSE,GM,Yes,,,83,84,84,83,84,86,86,86,86,84,83,84,86,86,85,88,88,85,87,82,83,80,79,80,80,79,,-1.3
SANYO [Televisions and Video Players],Sanyo Trading Co Ltd,TYO,3176,No,,,84,79,81,82,84,^,^,^,^,^,^,^,^,^,^,^,^,^,^,^,^,^,^,^,^,^,,N/A
Sony [Televisions and Video Players],Sony Corp,NYSE,SNE,No,,,86,84,81,81,82,^,^,^,^,^,^,^,^,^,^,^,^,^,^,^,^,^,^,^,^,^,,N/A
Zenith Electronics [Televisions and Video Players],N/A,N/A,N/A,N/A,,,88,84,84,84,83,^,^,^,^,^,^,^,^,^,^,^,^,^,^,^,^,^,^,^,^,^,,N/A
MillerCoors [Breweries],Molson Coors Beverage Co Class B,NYSE,TAP,No,,, , , , , , , , , , , , , , , , , , ,81,82,81,78,81,#, , ,,N/A
Clorox [Personal Care and Cleaning Products],Clorox Co,NYSE,CLX,No,,,88,88,84,83,85,84,85,85,85,86,88,88,86,87,87,88,86,88,87,85,85,82,84,84,85,82,,-3.5
Colgate-Palmolive [Personal Care and Cleaning Products],Colgate-Palmolive Company,NYSE,CL,No,,,84,86,82,83,82,80,80,85,80,83,82,83,84,81,87,83,85,84,83,85,83,79,83,81,82,82,,0.0
Henkel [Personal Care and Cleaning Products],HENKEL AG & CO /S ADR,OTCMKTS,HENKY,No,,,86,85,85,83,81,79,85,84,84,85,85,83,83,86,85,84,83,84,83,84,81,79,85,83,82,77,,-6.1
JVC [Televisions and Video Players],JVCkenwood Corp,TYO,6632,No,,,77,78,80,79,80,^,^,^,^,^,^,^,^,^,^,^,^,^,^,^,^,^,^,^,^,^,,N/A
Emerson Electric [Televisions and Video Players],Emerson Electric Co.,NYSE,EMR,No,,,80,81,80,NM,NM,^,^,^,^,^,^,^,^,^,^,^,^,^,^,^,^,^,^,^,^,^,,N/A
Volvo [Automobiles and Light Vehicles],VOLVO AB/ADR,OTCMKTS,VLVLY,No,,,82,84,84,84,81,80,82,81,82,81,80,81,NM,NM,NM,NM,NM,NM,NM,NM,NM,79,NM,82,85,82,,-3.5
Lexus (Toyota) [Automobiles and Light Vehicles],Toyota Motor Corp,NYSE,TM,Yes,,,NM,NM,NM,NM,NM,NM,NM,NM,NM,NM,NM,NM,86,87,87,89,85,87,89,87,84,84,84,86,85,84,,-1.2
Lincoln (Ford) [Automobiles and Light Vehicles],Ford Motor Company,NYSE,F,Yes,,,79,84,80,81,83,82,85,82,84,81,86,83,83,86,83,88,89,86,90,NM,NM,83,87,83,84,82,,-2.4
Mazda [Automobiles and Light Vehicles],Mazda Motor Corp,OTCMKTS,MZDAY,No,,,78,77,75,74,77,76,78,78,81,82,78,80,79,78,80,81,80,79,82,82,80,80,80,82,80,77,,-3.8
Mercedes-Benz [Automobiles and Light Vehicles],DAIMLER AG/ADR,OTCMKTS,DMLRY,No,,,85,86,87,87,86,86,87,86,83,83,80,80,82,83,82,86,86,86,85,88,86,83,81,84,82,83,,1.2
Nissan [Automobiles and Light Vehicles],Nissan Motor Co Ltd,OTCMKTS,NSANY,No,,,83,82,80,79,77,79,78,80,80,79,81,78,82,80,82,78,82,84,83,83,81,77,80,80,80,75,,-6.3
Oldsmobile (GM) [Automobiles and Light Vehicles],General Motors Company,NYSE,GM,Yes,,,83,84,82,82,82,81,80,81,82,80,80,†, , , , , , , , , , , , , , ,,N/A
Pontiac (GM) [Automobiles and Light Vehicles],General Motors Company,NYSE,GM,Yes,,,76,79,78,78,76,78,78,78,78,76,79,80,79,80,80,81,†, , , , , , , , , ,,N/A
Saturn (GM) [Automobiles and Light Vehicles],General Motors Company,NYSE,GM,Yes,,,84,83,81,82,85,80,82,80,81,81,81,81,80,81,85,84,NM,NM,NM,NM,NM,NM,NM,NM,NM,NM,,N/A
Subaru [Automobiles and Light Vehicles],SUBARU CORP/ADR,OTCMKTS,FUJHY,No,,,80,79,83,79,83,NM,NM,NM,NM,NM,NM,NM,NM,NM,NM,NM,NM,NM,87,86,85,82,84,85,84,82,,-2.4
Toyota [Automobiles and Light Vehicles],Toyota Motor Corp,NYSE,TM,No,,,86,84,84,84,85,83,82,83,83,85,84,87,87,84,86,86,84,87,85,86,83,82,85,86,83,81,,-2.4
Volkswagen [Automobiles and Light Vehicles],VOLKSWAGEN AG/ADR,OTCMKTS,VWAGY,No,,,74,76,76,79,78,82,83,81,82,76,80,78,78,80,81,86,81,84,85,84,84,80,78,79,82,77,,-6.1
HuffPost (Verizon Media) [Internet News and Opinion],Verizon Communications Inc.,NYSE,VZ,Yes,,, , , , , , , , ,NM,NM,NM,NM,NM,NM,NM,NM,NM,69,69,69,70,71,72,67,70,70,,0.0
TracFone Wireless [Wireless Telephone Service], America Movil SAB de CV ADR Series L,NYSE,AMX,Yes,,, , , , , , , , , , ,NM,NM,NM,NM,NM,NM,NM,NM,NM,NM,NM,77,75,77,78,78,,0.0
Frontier Communications [Subscription Television Service], Frontier Communications Corp,NASDAQ,FTR,No,,, , , , , , , ,NM,NM,NM,NM,NM,NM,NM,NM,NM,NM,NM,NM,NM,NM,NM,NM,60,56,57,,1.8
Suddenlink (Altice USA) [Fixed-Line Telephone Service],Altice USA Inc,NYSE,ATUS,Yes,,,NM,NM,NM,NM,NM,NM,NM,NM,NM,NM,NM,NM,NM,NM,NM,NM,NM,NM,NM,NM,NM,NM,NM,NM,71,61,,-14.1
U-verse TV (AT&T) [Video-on-Demand Service],AT&T Inc.,NYSE,T,Yes,,, , , , , , , , , , , , , , , , , , , , , , , , ,74,72,,-2.7
DISH Network [Video-on-Demand Service],DISH Network Corp,NASDAQ,DISH,No,,, , , , , , , , , , , , , , , , , , , , , , , , ,73,71,,-2.7
Fios (Verizon Communications) [Video-on-Demand Service],Verizon Communications Inc.,NYSE,VZ,Yes,,, , , , , , , , , , , , , , , , , , , , , , , , ,72,72,,0.0
DIRECTV (AT&T) [Video-on-Demand Service],AT&T Inc.,NYSE,T,Yes,,, , , , , , , , , , , , , , , , , , , , , , , , ,70,70,,0.0
Optimum (Altice USA) [Video-on-Demand Service],Altice USA Inc,NYSE,ATUS,Yes,,, , , , , , , , , , , , , , , , , , , , , , , , ,68,66,,-2.9
Cox Communications [Video-on-Demand Service],N/A,N/A,N/A,N/A,,, , , , , , , , , , , , , , , , , , , , , , , , ,67,66,,-1.5
Xfinity (Comcast) [Video-on-Demand Service],Comcast Corporation,NASDAQ,CMCSA,Yes,,, , , , , , , , , , , , , , , , , , , , , , , , ,67,66,,-1.5
Spectrum (Charter Communications) [Video-on-Demand Service],Charter Communications Inc,NASDAQ,CHTR,No,,, , , , , , , , , , , , , , , , , , , , , , , , ,64,64,,0.0
Netflix [Video Streaming Service],Netflix Inc,NASDAQ,NFLX,No,,, , , , , , , , , , , , , , , , , , , , , , , , ,78,79,,1.3
Sony PlayStation Vue [Video Streaming Service],Sony Corp,NYSE,SNE,Yes,,, , , , , , , , , , , , , , , , , , , , , , , , ,78,78,,0.0
Twitch (Amazon) [Video Streaming Service],"Amazon.com, Inc.",NASDAQ,AMZN,Yes,,, , , , , , , , , , , , , , , , , , , , , , , , ,78,75,,-3.8
Apple iTunes [Video Streaming Service],Apple Inc.,NASDAQ,AAPL,Yes,,, , , , , , , , , , , , , , , , , , , , , , , , ,77,76,,-1.3
Microsoft Store [Video Streaming Service],Microsoft Corporation,NASDAQ,MSFT,Yes,,, , , , , , , , , , , , , , , , , , , , , , , , ,77,77,,0.0
YouTube (Google) [Video Streaming Service],Alphabet Inc Class A,NASDAQ,GOOGL,Yes,,, , , , , , , , , , , , , , , , , , , , , , , , ,76,75,,-1.3
Amazon Prime Video [Video Streaming Service],"Amazon.com, Inc.",NASDAQ,AMZN,Yes,,, , , , , , , , , , , , , , , , , , , , , , , , ,75,76,,1.3
Netflix [Internet Retail],Netflix Inc,NASDAQ,NFLX,No,,, , , , , , ,NM,NM,NM,NM,NM,NM,NM,84,85,87,86,74,75,79,81,76,79,NM,NM,NM,,N/A
Save-A-Lot [Supermarkets],N/A,N/A,N/A,N/A,,,NM,NM,NM,NM,NM,NM,NM,NM,NM,NM,NM,NM,NM,NM,NM,NM,NM,NM,NM,NM,NM,NM,NM,76,76,75,,-1.3
BJ's Wholesale Club [Supermarkets],BJs Wholesale Club Holdings Inc,NYSE,BJ,N/A,,,NM,NM,NM,NM,NM,NM,NM,NM,NM,NM,NM,NM,NM,NM,NM,NM,NM,NM,NM,NM,NM,NM,NM,80,79,82,,3.8
Ask.com [Internet Search Engines and Information],N/A,N/A,N/A,N/A,,, , , , , , ,NM,NM,NM,NM,NM,NM,NM,NM,NM,NM,NM,NM,NM,NM,NM,NM,73,72,70,73,,4.3
Charles Schwab [Financial Advisors],Charles Schwab Corporation Common Stock,NYSE,SCHW,N/A,,, , , , , , , , , , , , , , , , , , , , , , , ,82,82,82,,0.0
LPL Financial [Financial Advisors],LPL Financial Holdings Inc,NASDAQ,LPLA,N/A,,, , , , , , , , , , , , , , , , , , , , , , , ,82,78,78,,0.0
Morgan Stanley [Financial Advisors],Morgan Stanley,NYSE,MS,N/A,,, , , , , , , , , , , , , , , , , , , , , , , ,81,79,79,,0.0
Raymond James [Financial Advisors],"Raymond James Financial, Inc.",NYSE,RJF,N/A,,, , , , , , , , , , , , , , , , , , , , , , , ,81,81,80,,-1.2
Wells Fargo [Financial Advisors],Wells Fargo & Co,NYSE,WFC,N/A,,, , , , , , , , , , , , , , , , , , , , , , , ,80,79,79,,0.0
Fidelity [Financial Advisors],N/A,N/A,N/A,N/A,,, , , , , , , , , , , , , , , , , , , , , , , ,79,79,79,,0.0
Merrill (Bank of America) [Financial Advisors],Bank of America Corp,NYSE,BAC,No,,, , , , , , , , , , , , , , , , , , , , , , , ,79,79,77,,-2.5
UBS [Financial Advisors],UBS Group AG,NYSE,UBS,No,,, , , , , , , , , , , , , , , , , , , , , , , ,79,80,80,,0.0
Independent Advisors [Financial Advisors],N/A,N/A,N/A,N/A,,, , , , , , , , , , , , , , , , , , , , , , , ,79,81,80,,-1.2
O'Reilly Auto Parts [Specialty Retail Stores],O'Reilly Automotive Inc,NASDAQ,ORLY,No,,, , , , , , , ,NM,NM,NM,NM,NM,NM,NM,NM,NM,NM,NM,NM,NM,NM,NM,NM,81,80,78,,-2.5
Foot Locker [Specialty Retail Stores],"Foot Locker, Inc.",NYSE,FL,No,,, , , , , , , ,NM,NM,NM,NM,NM,NM,NM,NM,NM,NM,NM,NM,NM,NM,NM,NM,78,78,79,,1.3
Michaels [Specialty Retail Stores],Michaels Companies Inc,NASDAQ,MIK,No,,, , , , , , , ,NM,NM,NM,NM,NM,NM,NM,NM,NM,NM,NM,NM,NM,NM,NM,NM,78,79,77,,-2.5
Cabela's [Specialty Retail Stores],N/A,N/A,N/A,N/A,,, , , , , , , ,NM,NM,NM,NM,NM,NM,NM,NM,NM,NM,NM,NM,NM,NM,NM,NM,82,80,80,,0.0
Costco [Supermarkets],Costco Wholesale Corporation,NASDAQ,COST,No,,,NM,NM,NM,NM,NM,NM,NM,NM,NM,NM,NM,NM,NM,NM,NM,NM,NM,NM,NM,NM,NM,NM,NM,83,83,83,,0.0
Sam's Club (Walmart) [Supermarkets],Walmart Inc,NYSE,WMT,Yes,,,NM,NM,NM,NM,NM,NM,NM,NM,NM,NM,NM,NM,NM,NM,NM,NM,NM,NM,NM,NM,NM,NM,NM,82,80,80,,0.0
Google Play [Video Streaming Service],Alphabet Inc Class A,NASDAQ,GOOGL,Yes,,, , , , , , , , , , , , , , , , , , , , , , , , ,75,75,,0.0
Hulu [Video Streaming Service],N/A,N/A,N/A,N/A,,, , , , , , , , , , , , , , , , , , , , , , , , ,75,76,,1.3
Vudu (Walmart) [Video Streaming Service],Walmart Inc,NYSE,WMT,Yes,,, , , , , , , , , , , , , , , , , , , , , , , , ,75,75,,0.0
Home Depot [Internet Retail],Home Depot Inc,NYSE,HD,No,,, , , , , , ,NM,NM,NM,NM,NM,NM,NM,NM,NM,NM,NM,NM,NM,NM,NM,NM,NM,NM,79,78,,-1.3
Lowe's [Internet Retail],"Lowe's Companies, Inc.",NYSE,LOW,No,,, , , , , , ,NM,NM,NM,NM,NM,NM,NM,NM,NM,NM,NM,NM,NM,NM,NM,NM,NM,NM,79,78,,-1.3
Gap [Internet Retail],Gap Inc,NYSE,GPS,No,,, , , , , , ,NM,NM,NM,NM,NM,NM,NM,NM,NM,NM,NM,NM,NM,NM,NM,NM,NM,NM,78,78,,0.0
Best Buy [Internet Retail],Best Buy Co Inc,NYSE,BBY,No,,, , , , , , ,NM,NM,NM,NM,NM,NM,NM,NM,NM,NM,NM,NM,NM,NM,NM,NM,NM,NM,77,78,,1.3
Groupon Goods [Internet Retail],Groupon Inc Common Stock,NASDAQ,GRPN,No,,, , , , , , ,NM,NM,NM,NM,NM,NM,NM,NM,NM,NM,NM,NM,NM,NM,NM,NM,NM,NM,76,77,,1.3
Staples [Internet Retail],N/A,N/A,N/A,N/A,,, , , , , , ,NM,NM,NM,NM,NM,NM,NM,NM,NM,NM,NM,NM,NM,NM,NM,NM,NM,NM,76,77,,1.3
Walgreens [Internet Retail],Walgreens Boots Alliance Inc,NASDAQ,WBA,No,,, , , , , , ,NM,NM,NM,NM,NM,NM,NM,NM,NM,NM,NM,NM,NM,NM,NM,NM,NM,NM,76,75,,-1.3
GameStop [Internet Retail],GameStop Corp.,NYSE,GME,No,,, , , , , , ,NM,NM,NM,NM,NM,NM,NM,NM,NM,NM,NM,NM,NM,NM,NM,NM,NM,NM,75,76,,1.3
Walmart [Internet Retail],Walmart Inc,NYSE,WMT,No,,, , , , , , ,NM,NM,NM,NM,NM,NM,NM,NM,NM,NM,NM,NM,NM,NM,NM,NM,NM,NM,74,74,,0.0
Sears [Internet Retail],Sears Holdings Corp,OTCMKTS,SHLDQ,Yes,,, , , , , , ,NM,NM,NM,NM,NM,NM,NM,NM,NM,NM,NM,NM,NM,NM,NM,NM,NM,NM,73,73,,0.0
Ulta Beauty [Specialty Retail Stores],Ulta Beauty Inc,NASDAQ,ULTA,No,,, , , , , , , ,NM,NM,NM,NM,NM,NM,NM,NM,NM,NM,NM,NM,NM,NM,NM,NM,NM,80,80,,0.0
Sephora [Specialty Retail Stores],LVMH Moet Hennessy Louis Vuitton SA Unsponsored ADR,OTCMKTS,LVMUY,Yes,,, , , , , , , ,NM,NM,NM,NM,NM,NM,NM,NM,NM,NM,NM,NM,NM,NM,NM,NM,NM,79,80,,1.3
TripAdvisor [Internet Travel Services],Tripadvisor Inc Common Stock,NASDAQ,TRIP,No,,, , , , , , , , ,NM,NM,NM,NM,NM,NM,NM,NM,NM,NM,NM,NM***,NM,NM,NM,NM,NM,82,,N/A
Frontier Communications [Video-on-Demand Service],Frontier Communications Corp,NASDAQ,FTR,No,,, , , , , , , , , , , , , , , , , , , , , , , , ,NM,67,,N/A
Sonic Drive-In (Inspire Brands) [Limited-Service Restaurants],N/A,N/A,N/A,N/A,,,NM,NM,NM,NM,NM,NM,NM,NM,NM,NM,NM**,NM,NM,NM,NM,NM,NM,NM,NM,NM,NM,NM,NM,NM,NM,76,,N/A
Snapchat [Internet Social Media],Snap Inc,NYSE,SNAP,No,,, , , , , , , , , , , , , , , , ,NM,NM,NM,NM,NM,NM,NM,NM,NM,71,,N/A
Dell [Internet Retail],Dell Technologies Inc,NYSE,DELL,No,,, , , , , , ,NM,NM,NM,NM,NM,NM,NM,NM,NM,NM,NM,NM,NM,NM,NM,NM,NM,NM,79,78,,-1.3
Wayfair [Internet Retail],Wayfair Inc,NYSE,W,No,,, , , , , , ,NM,NM,NM,NM,NM,NM,NM,NM,NM,NM,NM,NM,NM,NM,NM,NM,NM,NM,80,80,,0.0
Target [Internet Retail],Target Corporation,NYSE,TGT,No,,, , , , , , ,NM,NM,NM,NM,NM,NM,NM,NM,NM,NM,NM,NM,NM,NM,NM,NM,NM,NM,80,78,,-2.5
CBS All Access [Video Streaming Service],CBS Corporation Common Stock,NASDAQ,VIAC,Yes,,, , , , , , , , , , , , , , , , , , , , , , , , ,74,75,,1.4
HBO [Video Streaming Service],AT&T Inc.,NYSE,T,Yes,,, , , , , , , , , , , , , , , , , , , , , , , , ,72,74,,2.8
Starz [Video Streaming Service],Lions Gate Entertainment Corp. Class A,NYSE,LGF.A,Yes,,, , , , , , , , , , , , , , , , , , , , , , , , ,72,72,,0.0
Sling TV (DISH Network) [Video Streaming Service],DISH Network Corp,NASDAQ,DISH,Yes,,, , , , , , , , , , , , , , , , , , , , , , , , ,71,74,,4.2
DIRECTV NOW (AT&T) [Video Streaming Service],AT&T Inc.,NYSE,T,Yes,,, , , , , , , , , , , , , , , , , , , , , , , , ,70,69,,-1.4
Showtime [Video Streaming Service],CBS Corporation Common Stock,NASDAQ,VIAC,Yes,,, , , , , , , , , , , , , , , , , , , , , , , , ,70,71,,1.4
Sony Crackle [Video Streaming Service],Sony Corp,NYSE,SNE,Yes,,, , , , , , , , , , , , , , , , , , , , , , , , ,68,68,,0.0
Ram (Fiat Chrysler) [Automobiles and Light Vehicles],Fiat Chrysler Automobiles NV,NYSE,FCAU,Yes,,,NM,NM,NM,NM,NM,NM,NM,NM,NM,NM,NM,NM,NM,NM,NM,NM,NM,NM,NM,NM,NM,NM,NM,NM,80,80,,0.0
Costco [Internet Retail],Costco Wholesale Corporation,NASDAQ,COST,No,,, , , , , , ,NM,NM,NM,NM,NM,NM,NM,NM,NM,NM,NM,NM,NM,NM,NM,NM,NM,NM,83,81,,-2.4
Etsy [Internet Retail],Etsy Inc,NASDAQ,ETSY,No,,, , , , , , ,NM,NM,NM,NM,NM,NM,NM,NM,NM,NM,NM,NM,NM,NM,NM,NM,NM,NM,81,82,,1.2
Kohl's [Internet Retail],Kohl's Corporation,NYSE,KSS,No,,, , , , , , ,NM,NM,NM,NM,NM,NM,NM,NM,NM,NM,NM,NM,NM,NM,NM,NM,NM,NM,81,81,,0.0
Nike [Internet Retail],Nike Inc,NYSE,NKE,No,,, , , , , , ,NM,NM,NM,NM,NM,NM,NM,NM,NM,NM,NM,NM,NM,NM,NM,NM,NM,NM,81,81,,0.0
Nordstrom [Internet Retail],"Nordstrom, Inc.",NYSE,JWN,No,,, , , , , , ,NM,NM,NM,NM,NM,NM,NM,NM,NM,NM,NM,NM,NM,NM,NM,NM,NM,NM,81,82,,1.2
Apple [Internet Retail],Apple Inc.,NASDAQ,AAPL,No,,, , , , , , ,NM,NM,NM,NM,NM,NM,NM,NM,NM,NM,NM,NM,NM,NM,NM,NM,NM,NM,80,78,,-2.5
HP Store [Internet Retail],HP Inc,NYSE,HPQ,No,,, , , , , , ,NM,NM,NM,NM,NM,NM,NM,NM,NM,NM,NM,NM,NM,NM,NM,NM,NM,NM,80,81,,1.3
Macy's [Internet Retail],Macy's Inc,NYSE,M,No,,, , , , , , ,NM,NM,NM,NM,NM,NM,NM,NM,NM,NM,NM,NM,NM,NM,NM,NM,NM,NM,80,80,,0.0
TD Ameritrade [Financial Advisors],TD Ameritrade Holding Corp.,NASDAQ,AMTD,No,,, , , , , , , , , , , , , , , , , , , , , , , ,NM,NM,77,,N/A
LongHorn Steakhouse (Darden) [Full-Service Restaurants],"Darden Restaurants, Inc.",NYSE,DRI,Yes,,, , , , , , , , , , , , , ,NM,NM,NM,NM,NM,NM,NM,NM,81,82,77,81,81,,0.0
LG [Household Appliances],LG Electronics Inc.,KRX,66570,No,,,NM,NM,NM,NM,NM,NM,NM,NM,NM,NM,NM,NM,NM,NM,NM,NM,NM,NM,NM,NM,NM,82,85,83,82,82,,0.0
Bosch [Household Appliances],Bosch Ltd,NSE,BOSCHLTD,No,,,NM,NM,NM,NM,NM,NM,NM,NM,NM,NM,NM,NM,NM,NM,NM,NM,NM,NM,NM,NM,NM,79,84,82,83,80,,-3.6
Amazon [Personal Computers],"Amazon.com, Inc.",NASDAQ,AMZN,No,,,NM,NM,NM,NM,NM,NM,NM,NM,NM,NM,NM,NM,NM,NM,NM,NM,NM,NM,NM,NM,NM,78,80,79,82,79,,-3.7
Samsung [Personal Computers],Samsung Electronics Co Ltd,KRX,005930,No,,,NM,NM,NM,NM,NM,NM,NM,NM,NM,NM,NM,NM,NM,NM,NM,NM,NM,NM,NM,NM,NM,78,83,82,82,81,,-1.2
ASUS [Personal Computers],ASUSTEK Computer Inc.,TPE,2357,No,,,NM,NM,NM,NM,NM,NM,NM,NM,NM,NM,NM,NM,NM,NM,NM,NM,NM,NM,NM,NM,NM,77,78,80,78,76,,-2.6
Lenovo [Personal Computers],Lenovo Group Limited,OTCMKTS,LNVGF,No,,,NM,NM,NM,NM,NM,NM,NM,NM,NM,NM,NM,NM,NM,NM,NM,NM,NM,NM,NM,NM,NM,74,76,76,77,74,,-3.9
Regions Bank [Banks],Regions Financial Corp,NYSE,RF,Yes,,,NM,NM,NM,NM,NM,NM,NM,NM,NM,NM,NM,NM,NM,NM,NM,NM,NM,NM,NM,NM,NM,79,78,81,79,78,,-1.3
BB&T [Banks],Truist Financial Corp,NYSE,TFC,Yes,,,NM,NM,NM,NM,NM,NM,NM,NM,NM,NM,NM,NM,NM,NM,NM,NM,NM,NM,NM,NM,NM,77,82,80,79,80,,1.3
Capital One [Banks],Capital One Financial Corp.,NYSE,COF,No,,,NM,NM,NM,NM,NM,NM,NM,NM,NM,NM,NM,NM,NM,NM,NM,NM,NM,NM,NM,NM,NM,77,80,80,81,79,,-2.5
U.S. Bank [Banks],U.S. Bancorp,NYSE,USB,Yes,,,NM,NM,NM,NM,NM,NM,NM,NM,NM,NM,NM,NM,NM,NM,NM,NM,NM,NM,NM,NM,NM,76,77,80,79,79,,0.0
Fifth Third Bank [Banks],Fifth Third Bancorp,NASDAQ,FITB,No,,,NM,NM,NM,NM,NM,NM,NM,NM,NM,NM,NM,NM,NM,NM,NM,NM,NM,NM,NM,NM,NM,75,81,76,75,78,,4.0
TD Bank [Banks],Toronto-Dominion Bank,NYSE,TD,No,,,NM,NM,NM,NM,NM,NM,NM,NM,NM,NM,NM,NM,NM,NM,NM,NM,NM,NM,NM,NM,NM,75,79,80,80,77,,-3.8
SunTrust Bank [Banks],Truist Financial Corp,NYSE,TFC,Yes,,,NM,NM,NM,NM,NM,NM,NM,NM,NM,NM,NM,NM,NM,NM,NM,NM,NM,NM,NM,NM,NM,74,80,80,81,76,,-6.2
Citizens Bank [Banks],Citizens Financial Group Inc,NYSE,CFG,No,,,NM,NM,NM,NM,NM,NM,NM,NM,NM,NM,NM,NM,NM,NM,NM,NM,NM,NM,NM,NM,NM,70,80,77,78,78,,0.0
Humana [Health Insurance],Humana Inc,NYSE,HUM,No,,, , , , , , , ,NM,NM,NM,NM,NM,NM,NM,NM,NM,NM,NM,NM,NM,NM,71,72,79,78,79,,1.3
Kaiser Permanente [Health Insurance],N/A,N/A,N/A,N/A,,, , , , , , , ,NM,NM,NM,NM,NM,NM,NM,NM,NM,NM,NM,NM,NM,NM,71,74,79,78,77,,-1.3
Samsung [Household Appliances],Samsung Electronics Co Ltd,KRX,005930,No,,,NM,NM,NM,NM,NM,NM,NM,NM,NM,NM,NM,NM,NM,NM,NM,NM,NM,NM,NM,NM,NM,81,84,78,80,80,,0.0
Fiat (Fiat Chrysler) [Automobiles and Light Vehicles],Fiat Chrysler Automobiles NV,NYSE,FCAU,Yes,,,NM,NM,NM,NM,NM,NM,NM,NM,NM,NM,NM,NM,NM,NM,NM,NM,NM,NM,NM,NM,NM,73,NM,75,78,77,,-1.3
MINI (BMW) [Automobiles and Light Vehicles],BAYERISCHE MOTO/S ADR,OTCMKTS,BMWYY,Yes,,,NM,NM,NM,NM,NM,NM,NM,NM,NM,NM,NM,NM,NM,NM,NM,NM,NM,NM,NM,NM,NM,76,NM,NM,80,NM,,N/A
Cracker Barrel [Full-Service Restaurants],"Cracker Barrel Old Country Store, Inc.",NASDAQ,CBRL,No,,, , , , , , , , , , , , , ,NM,NM,NM,NM,NM,NM,NM,NM,80,83,84,81,82,,1.2
Red Robin [Full-Service Restaurants],"Red Robin Gourmet Burgers, Inc.",NASDAQ,RRGB,No,,, , , , , , , , , , , , , ,NM,NM,NM,NM,NM,NM,NM,NM,77,80,73,79,79,,0.0
TGI Fridays [Full-Service Restaurants],N/A,N/A,N/A,N/A,,, , , , , , , , , , , , , ,NM,NM,NM,NM,NM,NM,NM,NM,76,78,76,79,78,,-1.3
Denny's [Full-Service Restaurants],Denny's Corp,NASDAQ,DENN,No,,, , , , , , , , , , , , , ,NM,NM,NM,NM,NM,NM,NM,NM,75,74,76,77,77,,0.0
Ruby Tuesday [Full-Service Restaurants],N/A,N/A,N/A,N/A,,, , , , , , , , , , , , , ,NM,NM,NM,NM,NM,NM,NM,NM,73,78,78,78,78,,0.0
Chick-fil-A [Limited-Service Restaurants],N/A,N/A,N/A,N/A,,,NM,NM,NM,NM,NM,NM,NM,NM,NM,NM,NM**,NM,NM,NM,NM,NM,NM,NM,NM,NM,NM,86,87,87,87,86,,-1.1
Chipotle Mexican Grill [Limited-Service Restaurants],"Chipotle Mexican Grill, Inc.",NYSE,CMG,No,,,NM,NM,NM,NM,NM,NM,NM,NM,NM,NM,NM**,NM,NM,NM,NM,NM,NM,NM,NM,NM,NM,83,78,79,79,80,,1.3
Panera Bread [Limited-Service Restaurants],N/A,N/A,N/A,N/A,,Acquired by JAB in 2017.,NM,NM,NM,NM,NM,NM,NM,NM,NM,NM,NM**,NM,NM,NM,NM,NM,NM,NM,NM,NM,NM,80,81,82,81,81,,0.0
Arby's (Inspire Brands) [Limited-Service Restaurants],N/A,N/A,N/A,N/A,,Owned by Roark Capital Group,NM,NM,NM,NM,NM,NM,NM,NM,NM,NM,NM**,NM,NM,NM,NM,NM,NM,NM,NM,NM,NM,74,80,80,79,80,,1.3
Jack in the Box [Limited-Service Restaurants],Jack in the Box Inc.,NASDAQ,JACK,No,,,NM,NM,NM,NM,NM,NM,NM,NM,NM,NM,NM**,NM,NM,NM,NM,NM,NM,NM,NM,NM,NM,72,74,75,74,75,,1.4
About.com [Internet Search Engines and Information],IAC/InterActiveCorp,NASDAQ,IAC,Yes,,, , , , , , ,NM,NM,NM,NM,NM,NM,NM,NM,NM,NM,NM,NM,NM,NM,NM,71,69,†, , ,,N/A
Answers.com [Internet Search Engines and Information],N/A,N/A,N/A,N/A,,Owned by Apax Partners LLP, , , , , , ,NM,NM,NM,NM,NM,NM,NM,NM,NM,NM,NM,NM,NM,NM,NM,67,69,68,69,71,,2.9
Instagram (Facebook) [Internet Social Media],"Facebook, Inc. Common Stock",NASDAQ,FB,Yes,,, , , , , , , , , , , , , , , , ,NM,NM,NM,NM,NM,76,74,75,72,72,,0.0
Tumblr (Verizon Media) [Internet Social Media],Verizon Communications Inc.,NYSE,VZ,Yes,,, , , , , , , , , , , , , , , , ,NM,NM,NM,NM,NM,69,67,68,68,64,,-5.9
Infiniti (Nissan) [Automobiles and Light Vehicles],Nissan Motor Co Ltd,OTCMKTS,NSANY,Yes,,,NM,NM,NM,NM,NM,NM,NM,NM,NM,NM,NM,NM,NM,NM,NM,NM,NM,NM,NM,NM,NM,77,84,NM,78,82,,5.1
Mitsubishi [Automobiles and Light Vehicles],MITSUBISHI CORP/S ADR,OTCMKTS,MSBHY,No,,,NM,NM,NM,NM,NM,NM,NM,NM,NM,NM,NM,NM,NM,NM,NM,NM,NM,NM,NM,NM,NM,77,79,78,79,76,,-3.8
Cigna [Health Insurance],Cigna Corp,NYSE,CI,No,,, , , , , , , ,NM,NM,NM,NM,NM,NM,NM,NM,NM,NM,NM,NM,NM,NM,60,67,66,73,72,,-1.4
Thrivent Financial [Life Insurance],N/A,N/A,N/A,N/A,,,NM,NM,NM,NM,NM,NM,NM,NM,NM,NM,NM,NM,NM,NM,NM,NM,NM,NM,NM,NM,NM,82,81,83,NM,NM,,N/A
Primerica [Life Insurance],"Primerica, Inc.",NYSE,PRI,Yes,,,NM,NM,NM,NM,NM,NM,NM,NM,NM,NM,NM,NM,NM,NM,NM,NM,NM,NM,NM,NM,NM,81,75,74,78,NM,,N/A
Albertsons Companies [Health and Personal Care Stores],N/A,N/A,N/A,N/A,,"Filed for IPO March 8, 2020", , , , , , , , , , , ,NM,NM,NM,NM,NM,NM,NM,NM,NM,NM,69,83,78,78,75,,-3.8
Petco [Specialty Retail Stores],N/A,N/A,N/A,N/A,,, , , , , , , ,NM,NM,NM,NM,NM,NM,NM,NM,NM,NM,NM,NM,NM,NM,76,78,77,78,77,,-1.3
Burlington [Specialty Retail Stores],Burlington Stores Inc,NYSE,BURL,No,,, , , , , , , ,NM,NM,NM,NM,NM,NM,NM,NM,NM,NM,NM,NM,NM,NM,76,79,77,76,76,,0.0
L Brands [Specialty Retail Stores],L Brands Inc,NYSE,LB,No,,, , , , , , , ,NM,NM,NM,NM,NM,NM,NM,NM,NM,NM,NM,NM,NM,83,81,81,85,82,82,,0.0
AutoZone [Specialty Retail Stores],"AutoZone, Inc.",NYSE,AZO,No,,, , , , , , , ,NM,NM,NM,NM,NM,NM,NM,NM,NM,NM,NM,NM,NM,NM,75,80,78,78,77,,-1.3
Advance Auto Parts [Specialty Retail Stores],"Advance Auto Parts, Inc.",NYSE,AAP,No,,, , , , , , , ,NM,NM,NM,NM,NM,NM,NM,NM,NM,NM,NM,NM,NM,NM,72,79,79,78,78,,0.0
Abercrombie & Fitch [Specialty Retail Stores],Abercrombie & Fitch Co.,NYSE,ANF,No,,, , , , , , , ,NM,NM,NM,NM,NM,NM,NM,NM,NM,NM,NM,NM,NM,NM,65,76,79,78,79,,1.3
Hy-Vee [Supermarkets],N/A,N/A,N/A,N/A,,,NM,NM,NM,NM,NM,NM,NM,NM,NM,NM,NM,NM,NM,NM,NM,NM,NM,NM,NM,NM,NM,78,79,81,79,78,,-1.3
Toys R Us [Specialty Retail Stores],N/A,N/A,N/A,N/A,,, , , , , , , ,NM,NM,NM,NM,NM,NM,NM,NM,NM,NM,NM,NM,NM,NM,75,77,78,†, ,,N/A
Windstream [Internet Service Providers],Windstream Holdings Inc,OTCMKTS,WINMQ,No,,, , , , , , , , , , , , , , , , , , , ,NM,NM,NM,59,57,56,57,,1.8
Suddenlink (Altice USA) [Internet Service Providers],Altice USA Inc,NYSE,ATUS,Yes,,, , , , , , , , , , , , , , , , , , , ,NM,NM,NM,61,66,61,60,,-1.6
U.S. Cellular [Wireless Telephone Service],United States Cellular Corp,NYSE,USM,No,,, , , , , , , , , , ,NM,NM,NM,NM,NM,NM,NM,NM,NM,NM,NM,NM,72,74,74,74,,0.0
Johnson & Johnson [Personal Care and Cleaning Products],Johnson & Johnson,NYSE,JNJ,No,,,NM,NM,NM,NM,NM,NM,NM,NM,NM,NM,NM,NM,NM,NM,NM,NM,NM,NM,NM,NM,NM,NM,82,81,82,77,,-6.1
Ascena [Specialty Retail Stores],Ascena Retail Group Inc,NASDAQ,ASNA,No,,, , , , , , , ,NM,NM,NM,NM,NM,NM,NM,NM,NM,NM,NM,NM,NM,NM,NM,78,79,80,80,,0.0
Dick's Sporting Goods [Specialty Retail Stores],Dicks Sporting Goods Inc,NYSE,DKS,No,,, , , , , , , ,NM,NM,NM,NM,NM,NM,NM,NM,NM,NM,NM,NM,NM,NM,NM,79,78,75,76,,1.3
Ahold Delhaize [Supermarkets],Koninklijke Ahold N.V. ADR,OTCMKTS,ADRNY,No,,, , , , , , , , , , , , , , , , , , , , , , ,76,79,78,77,,-1.3
Kmart (Sears) [Health and Personal Care Stores],Sears Holdings Corp,OTCMKTS,SHLDQ,Yes,,, , , , , , , , , , , ,NM,NM,NM,NM,NM,NM,NM,NM,NM,NM,76,84,80,76,75,,-1.3
Ross Stores [Department and Discount Stores],"Ross Stores, Inc.",NASDAQ,ROST,No,,,NM,NM,NM,NM,NM,NM,NM,NM,NM,NM,NM,NM,NM,NM,NM,NM,NM,NM,NM,NM,NM,74,76,76,77,76,,-1.3
Belk [Department and Discount Stores],N/A,N/A,N/A,N/A,,Owned by Sycamore Partners,NM,NM,NM,NM,NM,NM,NM,NM,NM,NM,NM,NM,NM,NM,NM,NM,NM,NM,NM,NM,NM,77,80,77,78,78,,0.0
Allstate [Life Insurance],Allstate Corp,NYSE,ALL,No,,,NM,NM,NM,NM,NM,NM,NM,NM,NM,NM,NM,NM,NM,NM,NM,NM,NM,NM,NM,NM,NM,77,82,79,75,81,,8.0
Mutual of Omaha [Life Insurance],N/A,N/A,N/A,N/A,,,NM,NM,NM,NM,NM,NM,NM,NM,NM,NM,NM,NM,NM,NM,NM,NM,NM,NM,NM,NM,NM,76,81,80,83,82,,-1.2
State Farm [Life Insurance],N/A,N/A,N/A,N/A,,,NM,NM,NM,NM,NM,NM,NM,NM,NM,NM,NM,NM,NM,NM,NM,NM,NM,NM,NM,NM,NM,76,79,79,77,80,,3.9
Lincoln Financial [Life Insurance],Lincoln National Corporation,NYSE,LNC,Yes,,,NM,NM,NM,NM,NM,NM,NM,NM,NM,NM,NM,NM,NM,NM,NM,NM,NM,NM,NM,NM,NM,75,76,76,78,78,,0.0
Farmers [Life Insurance],N/A,N/A,N/A,N/A,,,NM,NM,NM,NM,NM,NM,NM,NM,NM,NM,NM,NM,NM,NM,NM,NM,NM,NM,NM,NM,NM,71,80,77,74,81,,9.5
Farm Bureau [Property and Casualty Insurance],N/A,N/A,N/A,N/A,,,NM,NM,NM,NM,NM,NM,NM,NM,NM,NM,NM,NM,NM,NM,NM,NM,NM,NM,NM,NM,NM,80,74,80,80,NM,,N/A
AAA [Property and Casualty Insurance],N/A,N/A,N/A,N/A,,Owned by Colonial Realty Partnership (CRLP),NM,NM,NM,NM,NM,NM,NM,NM,NM,NM,NM,NM,NM,NM,NM,NM,NM,NM,NM,NM,NM,75,81,82,81,76,,-6.2
Nationwide [Property and Casualty Insurance],N/A,N/A,N/A,N/A,,,NM,NM,NM,NM,NM,NM,NM,NM,NM,NM,NM,NM,NM,NM,NM,NM,NM,NM,NM,NM,NM,75,79,76,80,NM,,N/A
American Family [Property and Casualty Insurance],N/A,N/A,N/A,N/A,,,NM,NM,NM,NM,NM,NM,NM,NM,NM,NM,NM,NM,NM,NM,NM,NM,NM,NM,NM,NM,NM,73,77,79,78,77,,-1.3
Liberty Mutual [Property and Casualty Insurance],N/A,N/A,N/A,N/A,,,NM,NM,NM,NM,NM,NM,NM,NM,NM,NM,NM,NM,NM,NM,NM,NM,NM,NM,NM,NM,NM,73,77,80,76,78,,2.6
Travelers [Property and Casualty Insurance],Travelers Companies Inc,NYSE,TRV,No,,,NM,NM,NM,NM,NM,NM,NM,NM,NM,NM,NM,NM,NM,NM,NM,NM,NM,NM,NM,NM,NM,73,77,80,78,NM,,N/A
Vanguard [Internet Investment Services],N/A,N/A,N/A,N/A,,, , , , , , ,NM,NM,NM,NM,NM,NM,NM,NM,NM,NM,NM,NM,NM,NM,NM,80,81,82,79,81,,2.5
Scottrade (TD Ameritrade) [Internet Investment Services],N/A,N/A,N/A,N/A,,Acquired by TD Ameritrade/Toronto-Dominion Bank in September 2017., , , , , , ,NM,NM,NM,NM,NM,NM,NM,NM,NM,NM,NM,NM,NM,NM,NM,79,83,77,#, ,,N/A
Edward Jones [Internet Investment Services],N/A,N/A,N/A,N/A,,Owned by Jones Financial Companies LLLP, , , , , , ,NM,NM,NM,NM,NM,NM,NM,NM,NM,NM,NM,NM,NM,NM,NM,78,81,80,81,80,,-1.2
Merrill Edge (Bank of America) [Internet Investment Services],Bank of America Corp,NYSE,BAC,Yes,,, , , , , , ,NM,NM,NM,NM,NM,NM,NM,NM,NM,NM,NM,NM,NM,NM,NM,73,79,77,79,74,,-6.3
Fred Meyer (Kroger) [Department and Discount Stores],Kroger Co,NYSE,KR,Yes,,,NM,NM,NM,NM,NM,NM,NM,NM,NM,NM,NM,NM,NM,NM,NM,NM,NM,NM,NM,NM,NM,79,81,80,76,74,,-2.6
Verizon Communications [Fixed-Line Telephone Service],Verizon Communications Inc.,NYSE,VZ,No*,,, , , , , , , ,73,71,73,73,70,69,72,70,71,73,71,70,74,73,68,72,73,72,73,,1.4
Time Warner [Motion Pictures],Charter Communications Inc,NASDAQ,CHTR,Yes,,,78,77,^,^,^,^,^,^,^,^,^,^,^,^,^,^,^,^,^,^,^,^,^,^,^,^,,N/A
Cox Communications [Subscription Television Service],N/A,N/A,N/A,N/A,,, , , , , , , ,NM,NM,NM,63,63,63,63,63,66,67,67,63,65,63,62,59,61,60,59,,-1.7
DIRECTV (AT&T) [Subscription Television Service],AT&T Inc.,NYSE,T,Yes,,, , , , , , , ,70,70,72,71,67,71,67,68,71,68,69,68,72,69,68,68,68,64,66,,3.1
DISH Network [Subscription Television Service],DISH Network Corp,NASDAQ,DISH,No,,, , , , , , , ,71,68,71,71,68,68,67,65,64,71,67,69,70,67,67,67,67,67,67,,0.0
Time Warner Cable (Charter Communications) [Subscription Television Service],Charter Communications Inc,NASDAQ,CHTR,Yes,,, , , , , , , ,63,61,61,60,61,61,58,59,59,61,59,63,60,56,51,59,60,#, ,,N/A
Fios (Verizon Communications) [Subscription Television Service],Verizon Communications Inc.,NYSE,VZ,Yes,,, , , , , , , ,NM,NM,NM,NM,NM,NM,NM,NM,NM,73,72,74,73,68,71,70,71,68,68,,0.0
AT&T [Wireless Telephone Service],AT&T Inc.,NYSE,T,No*,,, , , , , , , , , , ,63,62,63,68,71,67,69,66,69,70,68,70,71,72,74,74,,0.0
AT&T Wireless [Wireless Telephone Service],AT&T Inc.,NYSE,T,Yes,,, , , , , , , , , , ,61,#, , , , , , , , , , , , , , ,,N/A
Nextel Communications [Wireless Telephone Service],T-Mobile Us Inc,NASDAQ,TMUS,Yes,,Acquired by T-Mobile US & Softbank, , , , , , , , , , ,NM,59,#, , , , , , , , , , , , , ,,N/A
T-Mobile [Wireless Telephone Service],T-Mobile Us Inc,NASDAQ,TMUS,No,,, , , , , , , , , , ,NM,64,69,70,71,71,73,70,69,68,69,70,74,73,76,76,,0.0
Verizon Wireless [Wireless Telephone Service],Verizon Communications Inc.,NYSE,VZ,Yes,,, , , , , , , , , , ,68,67,69,71,72,74,73,72,70,73,75,71,71,74,74,74,,0.0
Kyocera [Cellular Telephones],Kyocera Corp,OTCMKTS,KYOCY,No,,, , , , , , , , , , ,70,NM,NM,NM,NM,NM,NM,NM,NM,NM,NM,NM,NM,NM,NM,NM,,N/A
Microsoft Mobile (Nokia) [Cellular Telephones],Nokia Oyj,NYSE, NOK,No,,, , , , , , , , , , ,72,70,69,72,74,74,76,73,75,76,77,75,74,80,#, ,,N/A
Samsung [Cellular Telephones],Samsung Electronics Co Ltd,KRX,005930,No,,, , , , , , , , , , ,73,71,73,70,71,70,76,74,71,76,81,80,80,80,80,81,,1.3
Gateway [Personal Computers],N/A,N/A,N/A,N/A,,"Acquired by Acer Inc. on October 16, 2007.",NM,NM,NM,NM,76,76,78,73,72,69,74,72,73,75,#, , , , , , , , , , , ,,N/A
Xfinity (Comcast) [Subscription Television Service],Comcast Corporation,NASDAQ,CMCSA,Yes,,, , , , , , , ,64,56,55,56,58,60,56,54,59,61,59,61,63,60,54,62,58,57,57,,0.0
Spectrum (Charter Communications) [Subscription Television Service],Charter Communications Inc,NASDAQ,CHTR,Yes,,, , , , , , , ,63,53,55,56,56,55,55,54,51,60,59,59,64,60,63,60,63,58,59,,1.7
Universal Studios [Motion Pictures],Comcast Corporation,NASDAQ,CMCSA,Yes,,,77,74,^,^,^,^,^,^,^,^,^,^,^,^,^,^,^,^,^,^,^,^,^,^,^,^,,N/A
Walt Disney [Motion Pictures],Walt Disney Co,NYSE,DIS,No,,,84,80,^,^,^,^,^,^,^,^,^,^,^,^,^,^,^,^,^,^,^,^,^,^,^,^,,N/A
AT&T Internet [Internet Service Providers],AT&T Inc.,NYSE,T,Yes,,, , , , , , , , , , , , , , , , , , , ,65,65,69,64,69,68,69,,1.5
Bell Atlantic [Fixed-Line Telephone Service],Verizon Communications Inc.,NYSE,VZ,No,Defunct,Changed name to Verizon Communications in June 2000 after merger with GTE. ,80,81,81,72,71,73,71,#, , , , , , , , , , , , , , , , , , ,,N/A
Ameritech [Fixed-Line Telephone Service],AT&T Inc.,NYSE,T,Yes,Defunct,"Acquired in 1999 by SBC Communications (which subsequently acquired AT&T Corporation in 2006, becoming AT&T Inc.)",81,79,77,73,70,66,#, , , , , , , , , , , , , , , , , , , ,,N/A
AT&T [Fixed-Line Telephone Service],AT&T Inc.,NYSE,T,No,,,85,83,83,80,81,79,75,73,73,76,76,72,71,70,75,71,75,71,70,73,72,65,70,71,72,72,,0.0
Dow Jones [Newspapers],News Corp Class A,NASDAQ,NWSA,Yes,,Subsidiary of News Corp.,75,76,^,^,^,^,^,^,^,^,^,^,^,^,^,^,^,^,^,^,^,^,^,^,^,^,,N/A
Gannett [Newspapers],Gannett Co Inc,NYSE,GCI,No,,,75,66,^,^,^,^,^,^,^,^,^,^,^,^,^,^,^,^,^,^,^,^,^,^,^,^,,N/A
Knight-Ridder [Newspapers],McClatchy Co,OTCMKTS,MNIQQ,Yes,,"Subsidiary of McClatchy Co, which filed for Bankruptcy February 13, 2020.",68,70,^,^,^,^,^,^,^,^,^,^,^,^,^,^,^,^,^,^,^,^,^,^,^,^,,N/A
New York Times [Newspapers],New York Times Co,NYSE,NYT,No,,,74,70,^,^,^,^,^,^,^,^,^,^,^,^,^,^,^,^,^,^,^,^,^,^,^,^,,N/A
Times Mirror [Newspapers],N/A,N/A,N/A,N/A,,The Times Mirror Company was an American newspaper and print media publisher from 1884 until 2000.,68,67,^,^,^,^,^,^,^,^,^,^,^,^,^,^,^,^,^,^,^,^,^,^,^,^,,N/A
Tribune [Newspapers],N/A,N/A,N/A,N/A,,,70,70,^,^,^,^,^,^,^,^,^,^,^,^,^,^,^,^,^,^,^,^,^,^,^,^,,N/A
U-verse TV (AT&T) [Subscription Television Service],AT&T Inc.,NYSE,T,Yes,,, , , , , , , ,NM,NM,NM,NM,NM,NM,NM,NM,NM,72,68,68,71,69,69,69,70,70,69,,-1.4
AT&T Corp. [Subscription Television Service],AT&T Inc.,NYSE,T,No*,Defunct,, , , , , , , ,62,56,†, , , , , , , , , , , , , , , , ,,N/A
Chili's [Full-Service Restaurants],"Brinker International, Inc.",NYSE,EAT,Yes,,Subsidiary of Brinker International., , , , , , , , , , , , , ,75,73,74,78,79,76,78,74,74,75,77,78,78,,0.0
Olive Garden (Darden) [Full-Service Restaurants],"Darden Restaurants, Inc.",NYSE,DRI,Yes,,Subsidiary of Darden Restaurants., , , , , , , , , , , , , ,80,82,81,84,82,80,83,80,79,81,81,80,79,,-1.3
McDonald's [Limited-Service Restaurants],Mcdonald's Corp,NYSE,MCD,No,,,63,63,60,60,61,61,59,62,61,64,NM**,62,63,64,69,70,67,72,73,73,71,67,69,69,69,69,,0.0
Papa John's [Limited-Service Restaurants],"Papa John's Int'l, Inc.",NASDAQ,PZZA,No,,,NM,NM,NM,NM,NM,76,77,78,76,76,NM**,78,79,77,76,75,80,79,83,82,82,78,82,82,80,80,,0.0
Pizza Hut (Yum! Brands) [Limited-Service Restaurants],"Yum! Brands, Inc.",NYSE,YUM,Yes,,Subsidiary of Yum! Brands.,69,66,63,71,71,68,70,71,70,75,NM**,71,76,72,76,74,78,81,78,80,82,78,77,76,80,80,,0.0
Starbucks [Limited-Service Restaurants],Starbucks Corporation,NASDAQ,SBUX,No,,,NM,NM,NM,NM,NM,NM,NM,NM,NM,NM,NM**,NM,77,78,77,76,78,80,76,80,76,74,75,77,78,79,,1.3
Taco Bell (Yum! Brands) [Limited-Service Restaurants],"Yum! Brands, Inc.",NYSE,YUM,Yes,,Subsidiary of Yum! Brands.,66,66,66,67,64,64,63,66,67,68,NM**,72,70,69,70,73,74,76,77,74,72,72,75,76,74,75,,1.4
Wendy's [Limited-Service Restaurants],Wendys Co,NASDAQ,WEN,No,,,72,73,71,69,73,71,70,72,74,74,NM**,75,76,78,73,76,77,77,78,79,78,73,76,76,77,77,,0.0
American [Airlines],American Airlines Group Inc,NASDAQ,AAL,No,,,70,71,71,62,67,64,63,62,63,67,66,64,62,60,62,60,63,63,64,65,66,66,72,76,74,73,,-1.4
Continental [Airlines],United Airlines Holdings Inc,NASDAQ,UAL,Yes,,Merged with UAL Corporation (parent of United Airlines) in 2010. ,67,64,66,64,66,64,62,67,68,68,67,70,67,69,62,68,71,64,#, , , , , , , ,,N/A
Delta [Airlines],"Delta Air Lines, Inc.",NYSE,DAL,No,,,77,72,67,69,65,68,66,61,66,67,67,65,64,59,60,64,62,56,65,68,71,71,71,76,74,75,,1.4
Northwest Airlines [Airlines],"Delta Air Lines, Inc.",NYSE,DAL,Yes,,Merged with Delta Airlines in 2010.,69,71,67,64,63,53,62,56,65,64,64,64,61,61,57,57,61,#, , , , , , , , ,,N/A
Southwest [Airlines],Southwest Airlines Co,NYSE,LUV,No,,,78,76,76,76,74,72,70,70,74,75,73,74,74,76,79,81,79,81,77,81,78,78,80,80,80,79,,-1.3
United [Airlines],United Airlines Holdings Inc,NASDAQ,UAL,No,,,71,67,70,68,65,62,62,59,64,63,64,61,63,56,56,56,60,61,62,62,60,60,68,70,67,70,,4.5
US Airways [Airlines],American Airlines Group Inc,NASDAQ,AAL,Yes,,Merged with American Airlines in 2013.,72,67,66,68,65,61,62,60,63,64,62,57,62,61,54,59,62,61,65,64,66,#, , , , ,,N/A
Facebook [Internet Social Media],"Facebook, Inc. Common Stock",NASDAQ,FB,No*,,, , , , , , , , , , , , , , , , ,64,66,61,62,67,75,68,68,67,63,,-6.0
Little Caesars [Limited-Service Restaurants],N/A,N/A,N/A,N/A,,Owned by Ilitch Holdings.,72,69,69,73,71,NM,69,70,74,75,NM**,74,77,75,75,75,78,80,82,82,80,74,81,78,77,77,,0.0
KFC (Yum! Brands) [Limited-Service Restaurants],"Yum! Brands, Inc.",NYSE,YUM,Yes,,Subsidiary of Yum! Brands.,67,68,69,67,64,64,65,63,69,71,NM**,69,70,71,70,69,75,75,75,81,74,73,78,78,77,78,,1.3
Outback Steakhouse [Full-Service Restaurants],Bloomin' Brands Inc,NASDAQ,BLMN,Yes,,Subsidiary of Bloomin’ Brands Inc., , , , , , , , , , , , , ,79,76,77,80,81,81,81,80,78,77,80,79,79,,0.0
Red Lobster [Full-Service Restaurants],N/A,N/A,N/A,N/A,,"Subsidiary of Darden Restaurants (1995-2014), Golden Gate Capital (2014-Present)", , , , , , , , , , , , , ,78,79,80,83,82,83,83,78,77,79,81,79,78,,-1.3
Best Western [Hotels],N/A,N/A,N/A,N/A,,,74,70,NM,NM,NM,NM,NM,NM,NM,NM,NM,NM,NM,NM,70,75,76,76,76,79,74,74,75,76,77,77,,0.0
Choice [Hotels],Choice Hotels International Inc,NYSE,CHH,No,,,NM,NM,NM,NM,NM,NM,NM,NM,NM,NM,NM,NM,NM,NM,71,76,74,74,76,75,74,73,74,74,73,74,,1.4
Hilton [Hotels],Hilton Worldwide Holdings Inc,NYSE,HLT,No,,,75,75,75,75,72,74,77,74,76,74,77,76,78,76,78,79,80,80,80,80,78,80,81,81,82,80,,-2.4
Holiday Inn [Hotels],InterContinental Hotels Group PLC,OTCMKTS,ICHGF,Yes,,,69,69,NM,NM,69,68,71,71,69,72,73,69,72,72,#, , , , , , , , , , , ,,N/A
Hyatt [Hotels],Hyatt Hotels Corporation,NYSE,H,No,,,76,75,77,77,75,73,74,73,75,77,74,74,75,77,78,74,79,77,76,79,78,80,79,80,79,79,,0.0
InterContinental [Hotels],InterContinental Hotels Group PLC,NYSE,IHG,Yes,,,NM,NM,NM,NM,NM,NM,NM,NM,NM,NM,NM,NM,NM,NM,74,75,78,76,77,78,78,76,76,78,77,78,,1.3
Marriott [Hotels],Marriott International Inc,NASDAQ,MAR,No,,,80,76,77,76,76,77,74,77,76,76,76,76,75,79,78,77,80,79,78,82,81,80,80,80,81,80,,-1.2
Promus Hotel [Hotels],N/A,N/A,N/A,N/A,Defunct,Purchased by Hilton Hotels Corporation in 1998.,82,80,83,77,78,79,#, , , , , , , , , , , , , , , , , , , ,,N/A
Ramada [Hotels],Wyndham Hotels & Resorts Inc,NYSE,WH,Yes,,Subsidiary of Wyndham Hotels and Resorts.,70,69,70,64,67,67,69,66,67,70,67,66,70,69,#, , , , , , , , , , , ,,N/A
Starwood (Marriott) [Hotels],Marriott International Inc,NASDAQ,MAR,Yes,,Subsidiary of Marriott International Inc. ,NM,NM,NM,NM,NM,NM,73,71,69,73,73,75,75,76,74,74,77,79,75,78,76,76,78,79,79,#,,N/A
Wyndham [Hotels],Wyndham Hotels & Resorts Inc,NYSE,WH,No,,,NM,NM,NM,NM,NM,NM,NM,NM,NM,NM,NM,NM,NM,NM,70,70,70,73,70,72,72,68,70,71,70,70,,0.0
Burger King [Limited-Service Restaurants],Restaurant Brands International Inc,NYSE,QSR,Yes,,Subsidiary of Restaurant Brands International.,66,65,67,68,64,66,67,65,68,68,NM**,71,70,69,71,69,74,75,75,76,76,72,76,77,76,76,,0.0
Myspace [Internet Social Media],Meredith Corporation,NYSE,MDP,Yes,,Subsidiary of Meredith Corporation., , , , , , , , , , , , , , , , ,63,NM,NM,NM,NM,NM,NM,NM,NM,NM,,N/A
Sony Pictures Entertainment [Motion Pictures],Sony Corp,NYSE,SNE,No*,,,71,74,^,^,^,^,^,^,^,^,^,^,^,^,^,^,^,^,^,^,^,^,^,^,^,^,,N/A
Charles Schwab [Internet Investment Services],Charles Schwab Corporation Common Stock,NYSE,SCHW,No,,, , , , , , ,76,72,76,75,71,74,80,82,78,79,80,79,77,84,80,78,81,80,79,81,,2.5
Chevron [Gasoline Stations],Chevron Corporation,NYSE,CVX,No,,,78,81,78,77,81,76,76,^,^,^,^,^,^,^,^,^,^,^,^,^,^,^,^,^,^,^,,N/A
Exxon [Gasoline Stations],Exxon Mobil Corporation,NYSE,XOM,No,,,78,80,79,78,80,#, ,^,^,^,^,^,^,^,^,^,^,^,^,^,^,^,^,^,^,^,,N/A
Exxon Mobil [Gasoline Stations],Exxon Mobil Corporation,NYSE,XOM,No,,, , , , , ,77,75,^,^,^,^,^,^,^,^,^,^,^,^,^,^,^,^,^,^,^,,N/A
Mobil [Gasoline Stations],Exxon Mobil Corporation,NYSE,XOM,Yes,,Subsidiary of Exonn Mobil Corporation.,80,79,78,78,82,#, ,^,^,^,^,^,^,^,^,^,^,^,^,^,^,^,^,^,^,^,,N/A
Phillips Petroleum [Gasoline Stations],ConocoPhillips,NYSE,COP,No,,,81,81,79,82,NM,NM,NM,^,^,^,^,^,^,^,^,^,^,^,^,^,^,^,^,^,^,^,,N/A
Shell Oil [Gasoline Stations],Royal Dutch Shell plc ADR Class A,NYSE,RDS.A,No,,,80,80,77,81,78,75,77,^,^,^,^,^,^,^,^,^,^,^,^,^,^,^,^,^,^,^,,N/A
Texaco [Gasoline Stations],Chevron Corporation,NYSE,CVX,Yes,,Subsidiary of Chevron Corporation.,78,80,82,77,81,75,75,^,^,^,^,^,^,^,^,^,^,^,^,^,^,^,^,^,^,^,,N/A
Unocal [Gasoline Stations],Chevron Corporation,NYSE,CVX,Yes,,Subsidiary of Chevron Corporation.,NM,80,NM,NM,NM,NM,NM,^,^,^,^,^,^,^,^,^,^,^,^,^,^,^,^,^,^,^,,N/A
Barnes & Noble [Specialty Retail Stores],N/A,N/A,N/A,N/A,,Acquired by Elliott Management in August 2019. , , , , , , , ,NM,NM,NM,NM,NM,NM,83,83,84,82,79,82,82,81,79,81,81,81,81,,0.0
Best Buy [Specialty Retail Stores],Best Buy Co Inc,NYSE,BBY,No,,, , , , , , , ,NM,NM,72,72,71,76,74,74,74,77,77,78,77,77,74,77,78,78,77,,-1.3
Borders [Specialty Retail Stores],N/A,N/A,N/A,N/A,,Filed for Bankruptcy in February 2011., , , , , , , ,NM,NM,NM,NM,NM,NM,81,79,81,80,†, , , , , , , , ,,N/A
Circuit City Stores [Specialty Retail Stores],N/A,N/A,N/A,N/A,,, , , , , , , ,NM,NM,73,72,70,69,71,72,†, , , , , , , , , , ,,N/A
Costco [Department and Discount Stores],Costco Wholesale Corporation,NASDAQ,COST,No,,, , , , , ,79,77,76,79,80,79,79,81,81,83,81,82,83,83,84,84,81,83,83,83,83,,0.0
Gap [Specialty Retail Stores],Gap Inc,NYSE,GPS,No,,, , , , , , , ,NM,NM,NM,NM,NM,NM,75,75,75,74,77,76,77,75,75,79,77,78,79,,1.3
BP Amoco [Gasoline Stations],BP plc,NYSE,BP,Yes,,, , , , , ,76,76,^,^,^,^,^,^,^,^,^,^,^,^,^,^,^,^,^,^,^,,N/A
BP [Gasoline Stations],BP plc,NYSE,BP,No,,,NM,NM,NM,NM,81,#, ,^,^,^,^,^,^,^,^,^,^,^,^,^,^,^,^,^,^,^,,N/A
E*Trade [Internet Investment Services],E*TRADE Financial Corp,NASDAQ,ETFC,Yes*,,Subsidiary of Morgan Stanley., , , , , , ,66,66,69,71,70,71,74,73,69,74,76,79,73,76,76,74,80,79,79,78,,-1.3
Fidelity [Internet Investment Services],N/A,N/A,N/A,N/A,,, , , , , , ,NM,NM,NM,NM,NM,NM,80,84,80,79,78,79,78,81,76,77,81,80,79,81,,2.5
TD Ameritrade [Internet Investment Services],TD Ameritrade Holding Corp.,NASDAQ,AMTD,No,,, , , , , , ,NM,NM,NM,NM,NM,NM,77,80,71,76,77,78,77,74,74,73,78,79,77,79,,2.6
1-800-FLOWERS.COM [Internet Retail],1-800-Flowers.Com Inc,NASDAQ,FLWS,No,,, , , , , , ,69,76,78,76,79,77,77,NM,NM,NM,NM,NM,NM,NM,NM,NM,NM,NM,NM,NM,,N/A
Amazon [Internet Retail],"Amazon.com, Inc.",NASDAQ,AMZN,No,,, , , , , , ,84,84,88,88,84,87,87,88,86,86,87,86,85,88,86,83,86,85,82,83,,1.2
barnesandnoble.com [Internet Retail],N/A,N/A,N/A,N/A,,Acquired by Elliott Management in August 2019. , , , , , , ,77,82,87,86,87,87,88,NM,NM,NM,NM,NM,NM,NM,NM,NM,NM,NM,NM,NM,,N/A
Buy.com [Internet Retail],RAKUTEN INC/ADR,OTCMKTS,RKUNY,Yes,,Acquired by Rakuten in 2010 (now known as rakuten.com). , , , , , , ,78,78,80,80,80,80,81,NM,NM,NM,#, , , , , , , , , ,,N/A
eBay [Internet Retail],eBay Inc,NASDAQ,EBAY,No,,, , , , , , ,80,82,82,84,80,81,80,81,78,79,81,81,83,80,79,75,81,81,80,79,,-1.3
Egghead.com [Internet Retail],"Amazon.com, Inc.",NASDAQ,AMZN,Yes,,Acquired by Amazon in 2001., , , , , , ,73,†, , , , , , , , , , , , , , , , , , ,,N/A
Newegg [Internet Retail],Hangzhou Liaison Intrctv Infm Tch Co Ltd,SHE,002280,Yes,,"Subsidiary of Hangzhou Liaison Information Technology Co., Ltd.", , , , , , ,NM,NM,NM,NM,NM,NM,NM,87,88,86,84,85,84,83,81,79,83,83,80,81,,1.3
Overstock [Internet Retail],Overstock.com Inc,NASDAQ,OSTK,No,,, , , , , , ,NM,NM,NM,NM,NM,NM,NM,80,82,82,83,83,81,79,77,73,79,81,80,79,,-1.3
uBid.com [Internet Retail],Ubid Holdings Inc,OTCMKTS,UBID,No,,, , , , , , ,67,69,70,73,73,73,74,NM,NM,NM,NM,NM,NM,NM,NM,NM,NM,NM,NM,NM,,N/A
Amoco [Gasoline Stations],BP plc,NYSE,BP,Yes,,,81,81,80,79,83,#, ,^,^,^,^,^,^,^,^,^,^,^,^,^,^,^,^,^,^,^,,N/A
Atlantic Richfield [Gasoline Stations],Marathon Petroleum Corp,NYSE,MPC,Yes,,Subsidiary of Marathon Petroleum Corp.,75,78,72,74,74,#, ,^,^,^,^,^,^,^,^,^,^,^,^,^,^,^,^,^,^,^,,N/A
Home Depot [Specialty Retail Stores],Home Depot Inc,NYSE,HD,No,,, , , , , , , ,75,71,73,73,67,70,67,70,72,75,78,77,79,76,73,80,76,76,78,,2.6
Lowe's [Specialty Retail Stores],"Lowe's Companies, Inc.",NYSE,LOW,No,,, , , , , , , ,75,76,77,76,78,74,75,76,79,77,79,79,82,81,74,79,78,78,78,,0.0
Southeastern Grocers [Supermarkets],N/A,N/A,N/A,N/A,,"Subsidiary of LSF5 BI-LO Holdings, LLC.",76,75,75,74,74,71,74,72,73,73,72,73,76,71,73,74,76,75,78,77,79,74,77,78,76,76,,0.0
Microsoft [Computer Software],Microsoft Corporation,NASDAQ,MSFT,No,,, , , , , , , , , , , , ,73,70,69,70,76,78,75,74,75,75,80,76,79,77,,-2.5
BellSouth [Fixed-Line Telephone Service],AT&T Inc.,NYSE,T,Yes,,,83,83,83,78,78,76,75,74,74,74,73,70,71,#, , , , , , , , , , , , ,,N/A
CenturyLink [Fixed-Line Telephone Service],Centurylink Inc,NYSE,CTL,No,,,79,83,80,76,76,74,70,71,74,73,65,66,64,66,70,68,70,70,66,71,71,70,68,66,66,65,,-1.5
Xfinity (Comcast) [Fixed-Line Telephone Service],Comcast Corporation,NASDAQ,CMCSA,No,,,NM,NM,NM,NM,NM,NM,NM,NM,NM,NM,NM,NM,69,67,69,67,68,69,67,71,67,64,64,65,66,67,,1.5
Cox Communications [Fixed-Line Telephone Service],N/A,N/A,N/A,N/A,,Subsidiary of Cox Enterprises.,NM,NM,NM,NM,NM,NM,NM,NM,NM,NM,NM,NM,76,70,74,74,74,72,71,74,70,68,68,68,65,67,,3.1
GTE [Fixed-Line Telephone Service],Verizon Communications Inc.,NYSE,VZ,Yes,Defunct,"Acquired by Bell Atlantic on June 30, 2000 (forming Verizon Communications).",76,72,72,68,65,63,69,#, , , , , , , , , , , , , , , , , , ,,N/A
MCI [Fixed-Line Telephone Service],Verizon Communications Inc.,NYSE,VZ,Yes,Defunct,Acquired by Verizon Communications in 2006.,75,75,78,72,74,73,70,70,70,67,70,70,#, , , , , , , , , , , , , ,,N/A
NYNEX [Fixed-Line Telephone Service],Verizon Communications Inc.,NYSE,VZ,Yes,Defunct,Acquired by Verizon Communications in 1997.,79,79,75,66,#, , , , , , , , , , , , , , , , , , , , , ,,N/A
Pacific Telesis [Fixed-Line Telephone Service],N/A,N/A,N/A,N/A,Defunct,Acquired by SBC Communications in 1997.,81,78,80,72,#, , , , , , , , , , , , , , , , , , , , , ,,N/A
Qwest Communications [Fixed-Line Telephone Service],Centurylink Inc,NYSE,CTL,Yes,Defunct,"Subsidiary of AT&T Corporation (1911–1983), Qwest (2000–2011), CenturyLink (2011–)", , , , , , , ,61,56,62,64,69,70,72,73,71,72,73,#, , , , , , , ,,N/A
SBC Communications [Fixed-Line Telephone Service],AT&T Inc.,NYSE,T,Yes,Defunct,Subsidiary of AT&T,80,80,77,71,71,71,70,66,67,67,68,71,#, , , , , , , , , , , , , ,,N/A
US WEST [Fixed-Line Telephone Service],Centurylink Inc,NYSE,CTL,Yes,Defunct,"Merged with Qwest on June 30, 2000, which merged with CenturyLink on April 1, 2011. ",77,76,74,71,68,67,64,#, , , , , , , , , , , , , , , , , , ,,N/A
Fox Entertainment [Motion Pictures],Fox Corp Class B,NASDAQ,FOX,Yes,,,79,79,^,^,^,^,^,^,^,^,^,^,^,^,^,^,^,^,^,^,^,^,^,^,^,^,,N/A
Whole Foods (Amazon) [Supermarkets],"Amazon.com, Inc.",NASDAQ,AMZN,Yes,,Acquired by Amazon in 2017.,NM,NM,NM,NM,NM,NM,NM,NM,NM,NM,NM,NM,NM,73,75,76,79,80,80,78,81,73,81,81,79,79,,0.0
Walmart [Supermarkets],Walmart Inc,NYSE,WMT,No,,,NM,NM,NM,NM,NM,NM,NM,NM,NM,NM,70,70,69,71,68,71,71,69,72,72,71,67,74,73,72,73,,1.4
Office Depot [Specialty Retail Stores],Office Depot Inc,NASDAQ,ODP,No,,, , , , , , , ,NM,NM,NM,NM,NM,NM,78,75,76,81,79,84,79,78,NM,79,77,77,76,,-1.3
OfficeMax [Specialty Retail Stores],Office Depot Inc,NASDAQ,ODP,Yes,,"Merged with Office Depot on November 5, 2013.", , , , , , , ,NM,NM,NM,NM,NM,NM,76,74,77,74,78,78,82,#, , , , , ,,N/A
Sam's Club (Walmart) [Department and Discount Stores],Walmart Inc,NYSE,WMT,Yes,,Subsidiary of Walmart Inc., , ,75,72,75,78,74,78,77,77,75,76,78,77,79,79,78,81,80,80,80,76,81,80,80,81,,1.3
Staples [Specialty Retail Stores],N/A,N/A,N/A,N/A,,No longer publicly traded after being acquired by Sycamore Partners in 2017., , , , , , , ,NM,NM,NM,NM,NM,NM,77,76,77,81,79,79,81,79,75,80,78,78,77,,-1.3
TJX [Specialty Retail Stores],TJX Companies Inc,NYSE,TJX,No,,, , , , , , , ,NM,NM,NM,NM,NM,NM,74,73,78,76,78,76,79,78,78,80,80,79,79,,0.0
Albertsons Companies [Supermarkets],N/A,N/A,N/A,N/A,,Subsidiary of Cerebrus Capital Management & Albertsons Investor Holdings LLC.,75,77,77,72,70,73,70,72,73,73,69,71,NM,NM,NM,NM,NM,NM,NM,NM,74,68,75,76,75,75,,0.0
American Stores [Supermarkets],N/A,N/A,N/A,N/A,,De-listed on NYSE in June 1999.,71,73,74,68,#, , , , , , , , , , , , , , , , , , , , , ,,N/A
"Delhaize America (Food Lion, Hannaford) [Supermarkets]",N/A,N/A,N/A,N/A,,Defunct as of July 24 2016.,78,76,73,73,73,71,73,NM,NM,NM,NM,NM,NM,NM,NM,NM,NM,NM,NM,NM,77,76,#, , , ,,N/A
A&P [Supermarkets],N/A,N/A,N/A,N/A,,"Filed for bankruptcy July 19 2013, defunct.",68,67,68,NM,NM,NM,NM,NM,NM,NM,NM,NM,NM,NM,NM,NM,NM,NM,NM,NM,NM,70,†, , , ,,N/A
Kroger [Supermarkets],Kroger Co,NYSE,KR,No,,,78,76,74,74,73,74,71,75,75,71,73,74,76,75,77,78,78,79,79,80,78,76,79,81,79,79,,0.0
Meijer [Supermarkets],N/A,N/A,N/A,N/A,,Privately owned subsidiary of Meijer Companies LTD. ,77,79,77,NM,NM,NM,NM,NM,NM,NM,NM,NM,NM,NM,NM,NM,NM,NM,NM,NM,NM,74,78,79,78,78,,0.0
Publix [Supermarkets],N/A,N/A,N/A,N/A,,Employee/Family-Owned.,82,82,80,79,79,82,77,81,81,82,81,81,83,83,82,86,84,84,86,86,82,82,84,86,84,83,,-1.2
Safeway [Supermarkets],N/A,N/A,N/A,N/A,,Privately owned subsidiary of Albertsons.,72,73,73,70,71,72,76,75,76,71,72,71,74,72,75,72,74,75,75,76,75,#, , , , ,,N/A
Supervalu [Supermarkets],United Natural Foods Inc,NYSE,UNFI,Yes,,Subsidiary of United Natural Foods,77,77,75,74,77,75,75,76,77,77,75,77,74,74,74,77,74,74,76,77,75,71,76,77,76,76,,0.0
Paramount Communications [Motion Pictures],N/A,N/A,N/A,N/A,,,72,79,^,^,^,^,^,^,^,^,^,^,^,^,^,^,^,^,^,^,^,^,^,^,^,^,,N/A
Wikipedia [Internet Social Media],N/A,N/A,N/A,N/A,,"501(c)(3), charitable organization", , , , , , , , , , , , , , , , ,77,78,78,78,74,77,78,77,77,74,,-3.9
Chase [Banks],JPMorgan Chase & Co.,NYSE,JPM,No,,, , , , , , , , , , ,70,70,72,74,73,68,67,70,74,76,74,71,75,79,80,79,,-1.3
HealthTrust EPIC [Hospitals], HCA Healthcare Inc,NYSE,HCA,Yes,,Subsidiary of HCA Healthcare,67,70,^,^,^,^,^,^,^,^,^,^,^,^,^,^,^,^,^,^,^,^,^,^,^,^,,N/A
HCA [Hospitals], HCA Healthcare Inc,NYSE,HCA,No,,,78,73,^,^,^,^,^,^,^,^,^,^,^,^,^,^,^,^,^,^,^,^,^,^,^,^,,N/A
American Medical Holdings [Hospitals],N/A,N/A,N/A,N/A,,,NM,73,^,^,^,^,^,^,^,^,^,^,^,^,^,^,^,^,^,^,^,^,^,^,^,^,,N/A
Applebee's [Full-Service Restaurants],Dine Brands Global Inc,NYSE,DIN,Yes,,Subsidiary of Dine Brands Global, , , , , , , , , , , , , ,NM,NM,NM,NM,NM,77,82,78,78,79,79,78,77,,-1.3
Apple [Cellular Telephones],Apple Inc.,NASDAQ,AAPL,No,,, , , , , , , , , , ,NM,NM,NM,NM,NM,NM,NM,NM,83,81,79,80,81,81,81,81,,0.0
HTC [Cellular Telephones],HTC Corp,TPE,2498,No,,, , , , , , , , , , ,NM,NM,NM,NM,NM,NM,NM,NM,75,72,75,77,75,76,76,NM,,N/A
LG [Cellular Telephones],LG Electronics Inc.,KRX,066570,No,,, , , , , , , , , , ,NM,NM,NM,NM,NM,NM,NM,NM,75,71,73,74,74,74,77,78,,1.3
Subway [Limited-Service Restaurants],N/A,N/A,N/A,N/A,,"Privately owned subsidiary of Doctor’s Associates, Inc.",NM,NM,NM,NM,NM,NM,NM,NM,NM,NM,NM**,NM,NM,NM,NM,NM,NM,NM,82,83,78,77,80,81,80,79,,-1.3
Dunkin' [Limited-Service Restaurants],Dunkin Brands Group Inc,NASDAQ,DNKN,No,,,NM,NM,NM,NM,NM,NM,NM,NM,NM,NM,NM**,NM,NM,NM,NM,NM,NM,NM,79,80,75,78,80,79,78,78,,0.0
JetBlue [Airlines],JetBlue Airways Corporation,NASDAQ,JBLU,No,,,NM,NM,NM,NM,NM,NM,NM,NM,NM,NM,NM,NM,NM,NM,NM,NM,NM,NM,81,83,79,81,80,82,79,79,,0.0
Google+ [Internet Social Media],Alphabet Inc Class A,NASDAQ,GOOGL,Yes,,, , , , , , , , , , , , , , , , ,NM,NM,78,71,71,75,76,81,79,†,,N/A
Pinterest [Internet Social Media],Pinterest Inc,NYSE,PINS,No,,, , , , , , , , , , , , , , , , ,NM,NM,69,72,76,78,76,78,80,80,,0.0
Twitter [Internet Social Media],Twitter Inc,NYSE,TWTR,No,,, , , , , , , , , , , , , , , , ,NM,NM,64,65,69,71,65,70,66,69,,4.5
LinkedIn (Microsoft) [Internet Social Media],Microsoft Corporation,NASDAQ,MSFT,Yes,,"Purchased by Microsoft, de-listed December 19, 2016.", , , , , , , , , , , , , , , , ,NM,NM,63,62,67,68,65,65,66,69,,4.5
Travelers Group [Life Insurance],Travelers Companies Inc,NYSE,TRV,No,Defunct,,81,#, , , , , , , , , , , , , , , , , , , , , , , , ,,N/A
Prudential [Life Insurance],Prudential Financial Inc,NYSE,PRU,No,,,72,74,68,70,71,69,71,76,74,73,77,72,76,77,79,77,77,79,79,78,79,77,77,78,77,78,,1.3
KeyBank [Banks],KeyCorp,NYSE,KEY,Yes,,Subsidiary of KeyCorp,NM,76,70,65,65,NM,NM,NM,NM,NM,NM,NM,NM,NM,NM,NM,NM,NM,NM,NM,NM,NM,80,75,77,76,,-1.3
NationsBank [Banks],N/A,N/A,N/A,N/A,Defunct,Ceased operations in 1998 (now Bank of America).,75,73,68,64,#, , , , , , , , , , , , , , , , , , , , , ,,N/A
Norwest [Banks],N/A,N/A,N/A,N/A,Defunct,Merged with Wells Fargo & Co in 1998.,77,76,71,70,#, , , , , , , , , , , , , , , , , , , , , ,,N/A
PNC Bank [Banks],PNC Financial Services Group Inc,NYSE,PNC,No,,,NM,NM,69,69,66,NM,67,NM,NM,NM,NM,NM,NM,NM,NM,NM,NM,NM,NM,NM,NM,78,78,78,78,79,,1.3
Wachovia [Banks],Wells Fargo & Co,NYSE,WFC,Yes,,Subsidiary of Wells Fargo & Co., , , , , , , ,72,73,76,78,79,80,79,76,#, , , , , , , , , , ,,N/A
Wells Fargo [Banks],Wells Fargo & Co,NYSE,WFC,No,,,71,71,65,62,67,65,67,66,69,68,70,67,72,69,72,73,73,73,71,72,72,75,76,74,74,76,,2.7
Aetna (CVS Health) [Health Insurance],CVS Health Corp,NYSE,CVS,Yes,,Acquired by CVS in 2018., , , , , , , ,64,65,66,63,65,65,66,65,70,68,67,67,69,65,68,75,74,75,76,,1.3
Blue Cross and Blue Shield [Health Insurance],N/A,N/A,N/A,N/A,,501(c)(4) public welfare organization, , , , , , , ,66,70,69,67,68,72,71,73,73,70,68,73,74,69,70,71,71,70,71,,1.4
UnitedHealth [Health Insurance],UnitedHealth Group Inc,NYSE,UNH,No,,, , , , , , , ,66,68,64,66,64,68,65,63,72,65,72,70,70,72,66,70,73,73,75,,2.7
Anthem [Health Insurance],Anthem Inc,NYSE,ANTM,No,,, , , , , , , ,NM,NM,NM,NM,NM,69,66,68,67,69,74,70,73,66,69,75,NM,NM,NM,,N/A
Aetna Life & Casualty [Life Insurance],CVS Health Corp,NYSE,CVS,Yes,Defunct,,73,73,73,#, , , , , , , , , , , , , , , , , , , , , , ,,N/A
MetLife [Life Insurance],Metlife Inc,NYSE,MET,No,,,78,73,74,75,76,73,72,74,75,77,77,71,78,76,78,77,78,77,78,77,76,75,76,77,81,79,,-2.5
New York Life [Life Insurance],N/A,N/A,N/A,N/A,,New York Life is a mutual insurance company and is not publicly traded,NM,NM,75,75,74,78,73,77,81,78,76,76,77,79,77,80,78,80,80,80,77,79,82,80,84,82,,-2.4
Northwestern Mutual [Life Insurance],N/A,N/A,N/A,N/A,,Northwestern Mutual is a mutual insurance company and is not publicly traded,NM,NM,NM,NM,NM,79,80,78,80,78,78,78,78,79,78,81,80,81,79,78,76,78,79,83,83,NM,,N/A
Toshiba [Personal Computers],Toshiba Corp,OTCMKTS,TOSBF,No,,,NM,NM,NM,NM,NM,NM,NM,NM,NM,NM,NM,NM,NM,NM,NM,NM,NM,NM,77,78,75,73,76,75,71,77,,8.5
Dillard's [Department and Discount Stores],"Dillard's, Inc.",NYSE,DDS,No,,,75,74,74,73,71,68,72,75,75,75,77,76,75,76,75,78,78,80,79,81,81,80,83,79,79,78,,-1.3
Target (Discount Stores) [Department and Discount Stores],Target Corporation,NYSE,TGT,No,,,77,76,77,73,74,74,73,77,78,77,#, , , , , , , , , , , , , , , ,,N/A
CVS [Health and Personal Care Stores],CVS Health Corp,NYSE,CVS,No,Public,, , , , , , , , , , , ,74,78,76,77,77,74,73,75,76,75,71,76,78,77,77,,0.0
Rite Aid [Health and Personal Care Stores],Rite Aid Corporation,NYSE,RAD,No,Public,, , , , , , , , , , , ,72,75,73,76,76,75,75,77,74,78,69,78,77,76,75,,-1.3
Walgreens [Health and Personal Care Stores],Walgreens Boots Alliance Inc,NASDAQ,WBA,No,Public,, , , , , , , , , , , ,76,76,78,77,77,77,75,76,76,77,74,76,77,77,75,,-2.6
Procter & Gamble [Personal Care and Cleaning Products],Procter & Gamble Co,NYSE,PG,No,Public,,85,87,85,81,83,81,84,82,81,85,86,82,84,85,85,85,82,82,82,84,82,75,83,82,82,84,,2.4
Acura (Honda) [Automobiles and Light Vehicles],Honda Motor Co Ltd,NYSE,HMC,Yes,Subsidiary,Subsidiary of Honda Motor Co Ltd.,NM,NM,NM,NM,NM,NM,NM,NM,NM,NM,NM,NM,NM,NM,NM,NM,NM,NM,NM,83,77,83,76,80,81,78,,-3.7
Spectrum (Charter Communications) [Fixed-Line Telephone Service],Charter Communications Inc,NASDAQ,CHTR,Yes,Subsidiary,Subsidiary of Charter Communications Inc.,NM,NM,NM,NM,NM,NM,NM,NM,NM,NM,NM,NM,NM,NM,NM,NM,NM,NM,NM,72,69,69,65,71,66,67,,1.5
Time Warner Cable (Charter Communications) [Fixed-Line Telephone Service],Charter Communications Inc,NASDAQ,CHTR,Yes,Subsidiary,Subsidiary of Charter Communications Inc.,NM,NM,NM,NM,NM,NM,NM,NM,NM,NM,NM,NM,NM,NM,NM,NM,NM,NM,NM,68,65,63,64,67,#, ,,N/A
Fios (Verizon Communications) [Internet Service Providers],Verizon Communications Inc.,NYSE,VZ,Yes,Subsidiary,, , , , , , , , , , , , , , , , , , , ,71,71,68,73,71,70,70,,0.0
Cox Communications [Internet Service Providers],N/A,N/A,N/A,N/A,Private,Subsidiary of Cox Enterprises., , , , , , , , , , , , , , , , , , , ,68,64,58,63,62,59,60,,1.7
Spectrum (Charter Communications) [Internet Service Providers],Charter Communications Inc,NASDAQ,CHTR,Yes,Subsidiary,, , , , , , , , , , , , , , , , , , , ,65,61,57,63,65,60,59,,-1.7
CenturyLink [Internet Service Providers],Centurylink Inc,NYSE,CTL,No,Public,, , , , , , , , , , , , , , , , , , , ,64,65,60,63,59,58,59,,1.7
Time Warner Cable (Charter Communications) [Internet Service Providers],Charter Communications Inc,NASDAQ,CHTR,Yes,Subsidiary,, , , , , , , , , , , , , , , , , , , ,63,54,58,66,62,#, ,,N/A
Xfinity (Comcast) [Internet Service Providers],Comcast Corporation,NASDAQ,CMCSA,Yes,Subsidiary,, , , , , , , , , , , , , , , , , , , ,62,57,56,59,60,60,61,,1.7
Target (Department Stores) [Department and Discount Stores],Target Corporation,NYSE,TGT,No,Public,,NM,76,74,72,74,72,72,74,75,73,#, , , , , , , , , , , , , , , ,,N/A
Sears Roebuck [Department and Discount Stores],N/A,N/A,N/A,N/A,Defunct,"Purchased by Kmart, forming Sears Holdings in 2005.",73,75,74,71,74,71,73,76,75,73,74,73,73,#, , , , , , , , , , , , ,,N/A
Dollar General [Department and Discount Stores],Dollar General Corp.,NYSE,DG,No,Public,,NM,NM,NM,NM,NM,NM,NM,NM,NM,NM,NM,NM,NM,78,75,79,80,78,78,80,75,74,78,73,73,73,,0.0
JCPenney [Department and Discount Stores],J C Penney Company Inc,NYSE,JCP,No,Public,,79,77,78,75,75,75,74,75,74,77,76,78,78,77,78,79,80,82,81,79,77,74,82,79,77,78,,1.3
Macy's [Department and Discount Stores],Macy's Inc,NYSE,M,No,Public,, , , , , , , , , , , ,74,71,75,74,71,76,77,78,76,79,73,79,77,77,78,,1.3
Kohl's [Department and Discount Stores],Kohl's Corporation,NYSE,KSS,No,Public,,NM,NM,NM,NM,NM,NM,NM,NM,84,79,79,80,80,79,80,79,81,81,81,81,80,77,79,79,79,79,,0.0
Nordstrom [Department and Discount Stores],"Nordstrom, Inc.",NYSE,JWN,No,Public,,84,83,82,80,79,76,76,76,NM,NM,NM,NM,NM,80,80,83,82,84,84,83,86,82,80,81,79,79,,0.0
Sears [Department and Discount Stores],Sears Holdings Corp,OTCMKTS,SHLDQ,No,Public,, , , , , , , , , , , , , ,72,72,74,75,76,75,77,73,71,77,73,70,71,,1.4
Target [Department and Discount Stores],Target Corporation,NYSE,TGT,No,Public,, , , , , , , , , , ,75,78,77,77,77,80,78,80,81,77,80,75,79,77,77,78,,1.3
Walmart [Department and Discount Stores],Walmart Inc,NYSE,WMT,No,Public,,80,81,74,76,75,72,73,75,74,75,73,72,72,68,70,71,73,70,71,71,68,66,72,71,72,71,,-1.4
Meijer [Department and Discount Stores],N/A,N/A,N/A,N/A,Private,Privately owned company.,NM,76,75,NM,NM,NM,NM,NM,NM,NM,NM,NM,NM,NM,NM,NM,NM,NM,NM,NM,78,76,77,79,76,76,,0.0
Federated Department Stores [Department and Discount Stores],Macy's Inc,NYSE,M,No,Defunct,Renamed to Macy’s Inc in 2007.,71,71,73,66,67,68,69,69,71,71,74,#, , , , , , , , , , , , , , ,,N/A
Kmart [Department and Discount Stores],Sears Holdings Corp,OTCMKTS,SHLDQ,Yes,Subsidiary,,74,72,72,68,71,67,67,74,70,70,67,70,70,#, , , , , , , , , , , , ,,N/A
May Department Stores [Department and Discount Stores],Macy's Inc,NYSE,M,Yes,Defunct,Merged with Federated Department Stores in 2005 (now Macy’s Inc.),74,75,75,72,72,74,72,75,76,75,76,#, , , , , , , , , , , , , , ,,N/A
Montgomery Ward [Department and Discount Stores],N/A,N/A,N/A,N/A,Defunct,Defunct 1997.,72,72,73,†, , , , , , , , , , , , , , , , , , , , , , ,,N/A
R.H. Macy [Department and Discount Stores],N/A,N/A,N/A,N/A,Defunct,Defunct 1995.,69,#, , , , , , , , , , , , , , , , , , , , , , , , ,,N/A
ABC [Network/Cable TV News],Walt Disney Co,NYSE,DIS,Yes,Subsidiary,Subsidiary of Walt Disney Co.,76,77,^,^,^,^,^,^,^,^,^,^,^,^,^,^,^,^,^,^,^,^,^,^,^,^,,N/A
First Union [Banks],N/A,N/A,N/A,N/A,Defunct,Merged with Wachovia National Bank to become Wachovia Corporations (later becoming Wells Fargo) in September 2001.,76,73,71,74,68,68,66,#, , , , , , , , , , , , , , , , , , ,,N/A
YouTube (Google) [Internet Social Media],Alphabet Inc Class A,NASDAQ,GOOGL,Yes,Subsidiary,, , , , , , , , , , , , , , , , ,73,74,73,71,73,76,77,74,75,78,,4.0
Philip Morris [Cigarettes],Philip Morris International Inc.,NYSE,PM,No,Public,,80,81,79,77,75,75,75,75,74,76,78,78,77,76,79,72,77,80,80,NM,NM,NM,NM,NM,NM,NM,,N/A
Reynolds American [Cigarettes],BRITISH AMERICAN TOBACCO PLC ADS Common Stock,OTCMKTS,BTAFF,Yes,Subsidiary,Subsidiary of British American Tobacco,81,81,84,79,75,77,77,77,79,78,77,80,80,79,78,72,75,77,81,NM,NM,NM,NM,#, , ,,N/A
Coca-Cola [Soft Drinks],Coca-Cola Co,NYSE,KO,No,Public,,85,85,87,84,82,84,86,81,85,83,83,84,82,84,85,84,84,85,84,84,83,79,81,85,81,81,,0.0
Keurig Dr Pepper [Soft Drinks],Keurig Dr Pepper Inc,NYSE,KDP,No,Public,,NM,85,86,83,88,85,86,85,86,89,84,83,86,86,87,86,85,82,87,86,82,79,86,82,84,82,,-2.4
PepsiCo [Soft Drinks],"PepsiCo, Inc.",NASDAQ,PEP,No,Public,,86,87,86,83,83,82,85,84,86,83,83,82,86,84,84,86,84,85,84,85,83,78,84,85,80,82,,2.5
Fruit of the Loom [Apparel],Berkshire Hathaway Inc. Class A,NYSE,BRK.A,Yes,Subsidiary,Owned by Berkshire Hathaway,83,80,78,77,80,80,79,NM,NM,NM,NM,NM,NM,NM,NM,NM,NM,NM,NM,NM,NM,NM,NM,NM,NM,NM,,N/A
Hanesbrands [Apparel],Hanesbrands Inc.,NYSE,HBI,No,Public,,83,81,75,81,77,78,78,76,78,80,79,79,82,82,80,82,81,82,79,81,78,74,81,79,82,80,,-2.4
Premier Brands Group [Apparel],N/A,N/A,N/A,N/A,Private,Privately owned company.,NM,NM,NM,NM,NM,NM,NM,79,78,78,77,82,79,81,84,83,81,79,82,80,81,77,80,80,78,83,,6.4
Levi Strauss [Apparel],Levi Strauss & Co.,NYSE,LEVI,No,Public,,84,83,80,81,75,76,79,80,78,80,80,79,79,80,78,83,81,81,82,82,80,78,81,81,79,77,,-2.5
Liz Claiborne [Apparel],J C Penney Company Inc,NYSE,JCP,Yes,Subsidiary,Sold to J.C. Penny in 2012.,84,81,81,77,78,76,79,79,80,78,79,78,81,79,79,82,79,79,†, , , , , , , ,,N/A
VF [Apparel],VF Corp,NYSE,VFC,No,Public,,83,80,80,81,79,78,82,84,82,84,79,82,82,84,83,81,85,83,82,81,84,76,80,80,82,79,,-3.7
Adidas [Athletic Shoes],ADIDAS AG/S ADR,OTCMKTS,ADDYY,No,Public,,75,80,77,74,74,75,78,73,76,74,77,75,78,77,78,78,82,80,77,80,77,77,83,81,78,83,,6.4
Nike [Athletic Shoes],Nike Inc,NYSE,NKE,No,Public,,82,78,77,74,73,73,78,74,76,76,78,75,72,75,78,79,80,80,80,78,78,78,80,79,77,81,,5.2
Best Foods (CPC International) [Food Manufacturing],N/A,N/A,N/A,N/A,Defunct,,NM,88,NM,NM,NM,NM,#, , , , , , , , , , , , , , , , , , , ,,N/A
B.A.T. Industries [Cigarettes],N/A,N/A,N/A,N/A,Defunct,Predecessor of the British American Tobacco Company. ,87,87,NM,NM,NM,NM,NM,NM,NM,NM,NM,NM,NM,NM,NM,NM,NM,NM,NM,NM,NM,NM,NM,NM,NM,NM,,N/A
SABMiller [Breweries],Anheuser Busch Inbev NV,NYSE,BUD,Yes,Defunct,"Acquired by Anheuser Busch Inbev NV October 10, 2016. Defunct.",80,82,78,81,81,81,81,78,79,79,79,81,82,83,82,83,83,84,#, , , , , , , ,,N/A
Electrolux [Household Appliances],Electrolux AB Class B,OTCMKTS,ELUXF,No,Public,,NM,NM,NM,NM,NM,NM,NM,NM,NM,NM,NM,NM,80,81,80,79,79,78,82,78,79,81,81,81,78,79,,1.3
GE Appliances (Haier) [Household Appliances],"Haier Electronics Group Co., Ltd.",OTCMKTS,HRELF,Yes,Subsidiary,Subsidiary of Haier Electronics.,81,84,81,78,80,80,83,83,82,81,79,81,82,81,80,77,81,79,80,80,77,82,82,78,79,80,,1.3
Kenmore [Household Appliances],N/A,N/A,N/A,N/A,Private,"Subsidiary of Transform SR Brands, LLC (Private Ownership)",NM,NM,NM,NM,NM,85,85,86,83,84,85,NM,NM,NM,NM,NM,NM,NM,NM,NM,NM,NM,NM,NM,NM,NM,,N/A
Maytag [Household Appliances],Whirlpool Corporation,NYSE,WHR,Yes,Subsidiary,Subsidiary of Whirlpool Corporation.,85,87,83,85,84,84,87,83,83,81,81,81,#, , , , , , , , , , , , , ,,N/A
Whirlpool [Household Appliances],Whirlpool Corporation,NYSE,WHR,No,Public,,87,82,85,82,85,84,86,83,83,82,83,81,82,84,80,83,83,82,83,82,81,80,81,80,79,80,,1.3
Acer [Personal Computers],Acer Inc,TPE,2353,No,Public,,NM,NM,NM,NM,NM,NM,NM,NM,NM,NM,NM,NM,NM,NM,72,74,77,77,79,77,76,70,78,75,75,77,,2.7
Apple [Personal Computers],Apple Inc.,NASDAQ,AAPL,No,Public,,77,75,76,70,69,72,75,73,73,77,81,81,83,79,85,84,86,87,86,87,84,84,84,83,83,83,,0.0
Compaq (Hewlett-Packard) [Personal Computers],N/A,N/A,N/A,N/A,Defunct,"Acquired by Hewlett-Packard May 3, 2002 as a subsidiary until 2013.",78,77,74,67,72,71,71,69,68,68,69,67,72,73,70,74,74,75,NM,†, , , , , , ,,N/A
Dell [Personal Computers],Dell Technologies Inc,NYSE,DELL,No,Public,,NM,NM,NM,72,74,76,80,78,76,78,79,74,78,74,75,75,77,77,81,79,76,78,78,76,73,77,,5.5
HP [Personal Computers],HP Inc,NYSE,HPQ,No,Public,,78,80,77,75,72,74,74,73,71,70,71,73,75,76,73,74,77,78,79,80,74,73,77,77,78,78,,0.0
IBM [Personal Computers],IBM Common Stock,NYSE,IBM,No,Public,,78,78,74,71,74,73,75,71,NM,NM,NM,†, , , , , , , , , , , , , , ,,N/A
Packard Bell [Personal Computers],Acer Inc,TPE,2353,Yes,Subsidiary,Subsidiary of Acer Inc.,NM,NM,71,66,67,66,#, , , , , , , , , , , , , , , , , , , ,,N/A
Anheuser-Busch InBev [Breweries],Anheuser Busch Inbev NV,NYSE,BUD,No,Public,,84,80,79,81,81,78,81,80,82,82,79,82,81,82,82,85,82,81,81,81,77,74,84,84,85,84,,-1.2
Molson Coors [Breweries],Molson Coors Beverage Co Class B,NYSE,TAP,No,Public,,81,84,79,80,84,78,82,78,79,80,78,82,83,82,83,81,81,81,#, , , , ,84,81,81,,0.0
Borden Foods [Food Manufacturing],N/A,N/A,N/A,N/A,Defunct,,86,86,84,†, , , , , , , , , , , , , , , , , , , , , , ,,N/A
Campbell Soup [Food Manufacturing],Campbell Soup Company,NYSE,CPB,No,Public,,83,81,84,81,80,81,81,81,80,83,79,81,80,83,80,82,82,79,81,84,83,79,80,80,81,81,,0.0
H.J. Heinz [Pet Food],Kraft Heinz Co,NASDAQ,KHC,Yes,Subsidiary,, , , ,85,80,81,84,81,81,#, , , , , , , , , , , , , , , , ,,N/A
Hill's Pet Nutrition (Colgate-Palmolive) [Pet Food],Colgate-Palmolive Company,NYSE,CL,Yes,Subsidiary,, , , ,85,83,86,82,84,84,85,83,82,83,85,81,80,82,84,83,NM,NM,NM,NM,NM,NM,NM,,N/A
Iams (Procter & Gamble) [Pet Food],Procter & Gamble Co,NYSE,PG,Yes,Subsidiary,, , , ,NM,NM,NM,NM,80,82,85,82,81,83,82,81,85,80,81,83,NM,#, , , , , ,,N/A
Mars Petcare [Pet Food],N/A,N/A,N/A,N/A,Private,Privately owned company., , , ,81,82,81,81,83,83,83,83,82,82,82,84,83,85,80,82,NM,NM,NM,NM,NM,NM,NM,,N/A
Nestle [Pet Food],NESTLE S A/S ADR,OTCMKTS,NSRGY,No,Public,, , , ,83,83,84,81,81,#, , , , , , , , , , , , , , , , , ,,N/A
Nestle Purina PetCare [Pet Food],NESTLE S A/S ADR,OTCMKTS,NSRGY,Yes,Subsidiary,, , , , , , , , ,83,83,84,81,82,84,84,86,82,82,83,NM,NM,NM,NM,NM,NM,NM,,N/A
Ralston Purina [Pet Food],N/A,N/A,N/A,N/A,Defunct,"Merged with Nestlë’s Friskies division to form Nestlé Purina PetCare Company December 12, 2001.", , , ,82,81,82,85,83,#, , , , , , , , , , , , , , , , , ,,N/A
Bank of America [Banks],Bank of America Corp,NYSE,BAC,No,Public,,72,67,65,61,62,61,63,68,70,74,72,72,72,72,73,67,68,68,66,69,69,68,75,77,76,77,,1.3
BANK ONE [Banks],N/A,N/A,N/A,N/A,Defunct,"Acquired by JPMorgan Chase & Co. on July 1, 2004.",77,74,69,70,68,66,70,66,70,70,#, , , , , , , , , , , , , , , ,,N/A
Chase Manhattan [Banks],N/A,N/A,N/A,N/A,Defunct,Predecessor of J.P. Morgan Chase.,NM,NM,NM,69,71,NM,NM,#, , , , , , , , , , , , , , , , , , ,,N/A
Chemical Banking [Banks],N/A,N/A,N/A,N/A,Defunct,,68,70,68,#, , , , , , , , , , , , , , , , , , , , , , ,,N/A
Citicorp [Banks],N/A,N/A,N/A,N/A,Defunct,,73,70,68,#, , , , , , , , , , , , , , , , , , , , , , ,,N/A
Citibank [Banks],Citigroup Inc,NYSE,C,No,Public,,NM,NM,NM,NM,NM,NM,NM,NM,NM,NM,NM,NM,72,69,69,68,69,73,70,74,74,73,82,81,79,81,,2.5
First Chicago NBD [Banks],N/A,N/A,N/A,N/A,Defunct,,NM,NM,70,68,#, , , , , , , , , , , , , , , , , , , , , ,,N/A
Del Monte [Pet Food],Del Monte Pacific Limited,SGX,D03,Yes,Public,, , , , , , , , , ,84,79,83,82,83,83,80,83,82,86,NM,NM,#, , , , ,,N/A
Tyson [Food Manufacturing],"Tyson Foods, Inc",NYSE,TSN,No,Public,,83,80,79,80,79,79,81,80,80,81,79,79,78,78,80,82,77,79,81,80,79,78,82,80,81,80,,-1.2
Conagra [Food Manufacturing],Conagra Brands Inc,NYSE,CAG,No,Public,,83,83,82,80,80,80,82,81,83,84,82,86,83,83,84,78,83,83,84,83,82,80,80,82,81,81,,0.0
Dole [Food Manufacturing],N/A,N/A,N/A,N/A,Private,Privately owned company.,90,90,85,79,82,80,82,81,82,82,79,81,82,83,83,84,82,83,83,84,83,81,86,82,85,83,,-2.4
General Mills [Food Manufacturing],"General Mills, Inc.",NYSE,GIS,No,Public,,83,81,86,81,82,81,82,83,83,83,84,82,84,83,84,83,83,83,83,87,85,78,84,82,84,82,,-2.4
H.J. Heinz [Food Manufacturing],Kraft Heinz Co,NASDAQ,KHC,Yes,Subsidiary,,89,87,90,86,86,85,90,89,88,90,88,91,87,90,89,89,88,89,89,87,87,81,#, , , ,,N/A
Hershey [Food Manufacturing],Hershey Co,NYSE,HSY,No,Public,,86,88,88,84,84,86,85,86,87,85,87,86,86,87,85,87,86,84,85,86,86,79,84,86,86,84,,-2.3
Kellogg [Food Manufacturing],Kellogg Company,NYSE,K,No,Public,,84,84,85,81,83,81,83,83,81,82,81,81,85,83,85,85,81,80,83,85,81,80,81,81,81,80,,-1.2
Kraft Heinz [Food Manufacturing],Kraft Heinz Co,NASDAQ,KHC,No,Public,,84,84,85,82,84,83,82,82,81,83,84,84,86,84,85,83,81,83,81,86,84,79,83,82,82,81,,-1.2
Mars [Food Manufacturing],N/A,N/A,N/A,N/A,Private,Privately owned company.,87,89,86,85,81,84,82,86,83,83,85,83,86,86,86,87,85,87,86,84,85,80,84,82,84,82,,-2.4
Nabisco [Food Manufacturing],MONDELEZ INTERNATIONAL INC Common Stock,NASDAQ,MDLZ,Yes,Subsidiary,Subsidiary of Mondelez International,87,84,85,80,83,81,82,#, , , , , , , , , , , , , , , , , , ,,N/A
Nestle (Ferrero) [Food Manufacturing],NESTLE S A/S ADR,OTCMKTS,NSRGY,Yes,Subsidiary,,88,86,82,83,83,81,84,83,83,83,83,83,84,83,83,85,84,84,85,83,85,78,84,82,82,81,,-1.2
Pillsbury [Food Manufacturing],N/A,N/A,N/A,N/A,Defunct,Acquired by General Mills in 2001.,88,86,87,82,83,84,84,#, , , , , , , , , , , , , , , , , , ,,N/A
Quaker (PepsiCo) [Food Manufacturing],"PepsiCo, Inc.",NASDAQ,PEP,Yes,Subsidiary,,82,82,82,85,83,83,86,86,87,86,86,88,85,86,87,87,86,84,86,87,85,80,83,84,84,84,,0.0
Ralston Foods [Food Manufacturing],N/A,N/A,N/A,N/A,Defunct,,82,79,81,#, , , , , , , , , , , , , , , , , , , , , , ,,N/A
Hillshire Brands [Food Manufacturing],"Tyson Foods, Inc",NYSE,TSN,Yes,Subsidiary,Acquired by Tyson Foods in 2014.,86,82,84,80,80,81,82,81,84,83,84,81,85,82,84,85,85,82,83,84,82,#, , , , ,,N/A
First Interstate Bancorp [Banks],N/A,N/A,N/A,N/A,Defunct,,71,71,#, , , , , , , , , , , , , , , , , , , , , , , ,,N/A
