company_name,sector,publicly_traded,ticker,1995,1996,1997,1998,1999,2000,2001,2002,2003,2004,2005,2006,2007,2008,2009,2010,2011,2012,2013,2014,2015,2016,2017,2018,2019,2020
FedEx,Consumer Shipping,Yes,FDX,85,86,82,80,83,83,82,82,82,83,84,86,84,85,84,85,83,82,85,82,82,82,82,81,79,80
Atmos Energy,Investor-Owned Energy Utilities,Yes,ATO,,,,,,,,,,,,,,75,78,78,81,83,85,83,82,77,80,80,78,78
Salt River Project,Municipal Energy Utilities,No,N/A, , , , , , , , , , , , , , , , ,82,81,81,79,80,77,78,80,78,77
CenterPoint Energy,Investor-Owned Energy Utilities,Yes,CNP,,,,,,,,,,,73,72,74,75,78,78,80,82,84,81,81,76,79,82,80,77
UPS,Consumer Shipping,Yes,UPS,83,87,82,77,79,81,78,80,79,80,82,83,81,83,82,82,85,81,84,82,82,80,81,82,79,76
NextEra Energy,Investor-Owned Energy Utilities,Yes,NEE,77,74,69,75,74,76,73,71,73,76,74,68,73,76,76,75,78,80,80,76,77,76,75,76,77,76
Consolidated Edison,Investor-Owned Energy Utilities,Yes,ED,76,74,71,69,73,71,66,74,72,68,68,68,69,66,66,66,72,71,70,69,68,71,79,78,78,75
Sempra Energy,Investor-Owned Energy Utilities,Yes,SRE,,,,,,,67,74,77,77,79,75,80,80,80,83,81,83,80,82,79,75,78,77,75,75
NiSource,Investor-Owned Energy Utilities,Yes,NI,,,,,,,67,68,66,68,68,66,72,70,71,76,76,81,81,78,78,73,78,78,76,75
Southern Company,Investor-Owned Energy Utilities,Yes,SO,78,76,77,79,78,80,80,81,82,81,79,80,82,81,78,78,77,81,83,80,77,76,77,79,77,75
Dominion Energy,Investor-Owned Energy Utilities,Yes,D,75,72,74,75,74,75,65,70,72,67,71,70,73,75,72,75,77,80,82,80,78,74,77,78,76,74
WEC Energy,Investor-Owned Energy Utilities,Yes,WEC,,,,,,,,,,,,,,,,,,,,,,75,75,75,76,74
Berkshire Hathaway Energy,Investor-Owned Energy Utilities,No,N/A,,,,,,,,,,,,,,78,79,79,79,79,82,77,75,72,76,76,74,74
Touchstone Energy,Cooperative Energy Utilities,No,N/A, , , , , , , , , , , , , , , , ,83,81,83,81,80,77,78,77,75,74
Edison International,Investor-Owned Energy Utilities,Yes,EIX,74,77,78,75,73,78,60,66,69,71,75,78,74,75,77,75,75,76,77,77,76,74,76,76,75,74
Xcel Energy,Investor-Owned Energy Utilities,Yes,XEL,,,,,,,65,74,73,70,68,70,71,73,76,72,74,74,76,75,76,71,73,73,74,73
CMS Energy,Investor-Owned Energy Utilities,Yes,CMS,76,77,75,73,76,76,75,76,78,71,74,72,73,74,70,75,77,75,79,78,76,71,74,75,73,73
Ameren,Investor-Owned Energy Utilities,Yes,AEE,,,,,,,78,76,77,74,75,74,57,64,68,71,71,78,74,76,76,72,74,76,75,73
PPL,Investor-Owned Energy Utilities,Yes,PPL,,,,,,,80,80,80,79,80,81,81,78,79,74,79,80,80,79,78,75,77,78,73,73
CPS Energy,Municipal Energy Utilities,No,N/A, , , , , , , , , , , , , , , , ,79,79,80,75,77,72,73,75,72,72
U.S. Postal Service (Express & Priority Mail),Consumer Shipping,No,N/A,70,74,70,75,75,75,73,73,75,77,74,75,77,75,76,77,79,81,77,73,75,74,75,76,74,72
LA Department of Water & Power,Municipal Energy Utilities,No,N/A, , , , , , , , , , , , , , , , ,66,69,71,69,68,67,69,70,69,72
Exelon,Investor-Owned Energy Utilities,Yes,EXC, , , , , , ,66,69,71,71,71,70,68,69,70,72,73,70,74,75,69,70,71,72,73,72
Entergy,Investor-Owned Energy Utilities,Yes,ETR,76,75,70,70,69,74,69,74,71,73,75,70,73,74,74,73,76,78,81,76,77,70,74,75,75,72
Public Service Enterprise Group,Investor-Owned Energy Utilities,Yes,PEG,80,77,75,74,73,78,75,76,76,73,74,75,73,75,76,78,78,77,74,70,72,68,72,72,72,72
DTE Energy,Investor-Owned Energy Utilities,Yes,DTE,78,78,75,74,74,75,74,68,72,71,68,65,70,72,71,72,73,72,78,80,74,72,73,73,72,72
Duke Energy,Investor-Owned Energy Utilities,Yes,DUK,80,83,79,78,80,79,79,79,77,78,78,80,79,76,77,76,77,79,75,77,72,70,73,73,70,71
FirstEnergy,Investor-Owned Energy Utilities,Yes,FE,,,,,,,72,77,76,69,71,75,76,77,74,75,78,76,75,73,79,69,73,73,72,71
National Grid,Investor-Owned Energy Utilities,Yes,NGG, , , , , , , ,73,75,69,72,65,71,71,71,70,NM,NM,NM,NM,NM,71,71,73,71,70
Eversource Energy,Investor-Owned Energy Utilities,Yes,ES,70,72,67,65,68,72,76,72,73,68,74,72,69,68,72,74,75,59,73,71,66,65,71,70,68,69
American Electric Power,Investor-Owned Energy Utilities,Yes,AEP,80,82,77,78,77,79,76,75,74,75,74,75,73,76,74,73,72,79,75,77,74,70,72,73,68,68
PG&E,Investor-Owned Energy Utilities,Yes,PCG,71,72,71,68,71,73,49,58,66,66,67,68,72,70,73,70,67,69,74,70,71,72,74,70,70,63
Pepco Holdings,Investor-Owned Energy Utilities,Yes,POM,,,,,,,,,77,72,73,71,70,69,68,70,54,69,71,73,72,69,, , , 
Unicom,Investor-Owned Energy Utilities,No,N/A,68,68,62,66,62,59,, , , , , , , , , , , , , , , , , , , 
PECO Energy,Investor-Owned Energy Utilities,No,N/A,72,70,65,66,71,72,, , , , , , , , , , , , , , , , , , , 
Niagara Mohawk Power,Investor-Owned Energy Utilities,No,N/A,73,64,65,68,68,69,69,, , , , , , , , , , , , , , , , , , 
KeySpan,Investor-Owned Energy Utilities,No,N/A,,,,,,,68,72,71,74,70,71,74,, , , , , , , , , , , , 
GPU,Investor-Owned Energy Utilities,No,N/A,79,79,69,75,75,78,, , , , , , , , , , , , , , , , , , , 
Cinergy,Investor-Owned Energy Utilities,No,N/A,,,,,,,,,,74,75,71,, , , , , , , , , , , , , 
Central and South West,Investor-Owned Energy Utilities,No,N/A,82,78,78,,76,79,, , , , , , , , , , , , , , , , , , , 
PacifiCorp,Investor-Owned Energy Utilities,No,N/A,,,,,,,72,71,76,,,, , , , , , , , , , , , , , 
Allegheny Energy,Investor-Owned Energy Utilities,No,N/A,,,,,,,79,80,76,75,74,80,79,,,,,,,,,,,, , 
Iberdrola,Investor-Owned Energy Utilities,Yes,IBE,,,,,,,73,73,71,70,73,74,70,75,73,72,,,,,,,,, , 
Reliant Energy,Investor-Owned Energy Utilities,No,N/A,,,68,73,73,75,67,74,70,68,69,69,65,72,69,72,,,,,,,,, , 
Energy Future Holdings,Investor-Owned Energy Utilities,No,N/A,74,77,70,76,74,76,71,75,74,74,72,65,63,68,72,73,,,,,,,,, , 
Long Island Power Authority,Municipal Energy Utilities,No,N/A, , , , , , , , , , , , , , , , ,65,58,43,, , , , , , 
Progress Energy,Investor-Owned Energy Utilities,No,N/A,,,,,,,76,77,75,78,75,77,77,77,75,73,78,76,, , , , , , , 
Unilever,Personal Care and Cleaning Products,Yes,UL,83,83,82,83,81,85,83,83,85,85,85,85,86,87,87,87,82,86,85,80,80,84,81,82,80,
Optimum (Altice USA),Internet Service Providers/Fixed-Line Phone,Yes,ATUS, , , , , , , ,,,,,,,,,,,,,,61,69,68,64,63,
Bright House Networks,Internet Service Providers,No,N/A, , , , , , , ,,,,,,,,,,,,,,63,67,, , ,
Optimum (Altice USA),Fixed-Line Telephone Service,Yes,ATUS,,,,,,,,,,,,,,,,,,,,,67,72,71,69,69,
Windstream,Fixed-Line Telephone Service,Yes,WINMQ,,,,,,,,,,,,,,,,,,,,,61,65,65,64,64,
Frontier Communications,Fixed-Line Telephone Service,No,N/A,,,,,,,,,,,,,,,,,,,,,59,67,61,57,61,
Vonage,Fixed-Line Telephone Service,Yes,VG,,,,,,,,,,,,,,,,,,,,,73,78,80,76,77,
Orbitz (Expedia),Internet Travel Services,No,N/A,,,,,,,,76,77,75,74,75,73,74,76,75,76,76,,77,75,77,78,81,81,
Spirit,Airlines,Yes,SAVE,,,,,,,,,,,,,,,,,,,,,54,62,61,62,63,
Allegiant,Airlines,Yes,ALGT,,,,,,,,,,,,,,,,,,,,,65,65,71,74,71,
Alaska,Airlines,Yes,ALK,,,,,,,,,,,,,,,,,,,,,75,77,78,79,80,
Frontier Communications,Internet Service Providers,No,N/A,,,,,,,,,,,,,,,,,,,,,61,56,56,54,55,
Mediacom,Internet Service Providers,Yes,MCCC,,,,,,,,,,,,,,,,,,,,,57,57,58,53,56,
Bright House Networks,Fixed-Line Telephone Service,No,N/A,,,,,,,,,,,,,,,,,,,,,73,72,, , ,
Mitsubishi Electric & Electronics,Televisions and Video Players,Yes,6503.T,82,83,81,83,,,,,,,,,,,,,,,,,,,,,,
Allstate,Property and Casualty Insurance,Yes,ALL,73,74,71,73,73,75,76,74,73,76,76,78,78,79,79,78,78,79,77,77,73,77,78,78,78,
Farmers,Property and Casualty Insurance,Yes,N/A,71,72,71,72,75,73,73,72,75,77,73,78,76,77,78,76,79,79,76,77,71,77,79,80,80,
GEICO,Property and Casualty Insurance,No,N/A,,,,,,,,,79,78,78,83,80,80,81,81,81,79,81,77,77,78,80,80,79,
Progressive,Property and Casualty Insurance,Yes,PGR,,,,,,,,,,75,75,73,79,79,80,79,79,81,78,76,74,77,78,78,78,
State Farm,Property and Casualty Insurance,No,N/A,79,77,78,78,78,79,79,77,78,81,79,81,81,80,82,82,82,81,79,81,78,77,79,81,81,
Expedia,Internet Travel Services,Yes,EXPE, , , , , , , ,80,78,76,79,78,75,77,79,79,77,76,,76,77,77,80,78,79,
Mediacom,Subscription Television Service,Yes,MCCC, , , ,,,,,,,,,,,,,,,,,,51,54,56,55,56,
Suddenlink (Altice USA),Subscription Television Service,Yes,ATUS, , , ,,,,,,,,,,,,,,,,,,57,62,63,58,55,
Bright House Networks,Subscription Television Service,No,N/A, , , ,,,,,,,,,,,,,,,,,,65,66,, , ,
Optimum (Altice USA),Subscription Television Service,No,N/A,,,,,,,,,,,,,,,,,,,,,67,66,66,62,61,
Frontier,Airlines,Yes,ULCC,,,,,,,,,,,,,,,,,,,,,58,66,63,62,64,
La Quinta (Wyndham),Hotels,Yes,LQ,,,,,,,,,,,,,,,,,,,,,76,75,75,76,74,
PetSmart,Specialty Retail Stores,Yes,PETM, , , ,,,,,,,,,,,,,,,,,80,77,78,79,79,78,
BJ's Wholesale Club,Department and Discount Stores,No,N/A, , , ,,,,,,,,,,,,,,,,,81,76,79,80,79,79,
Bed Bath & Beyond,Specialty Retail Stores,Yes,BBBY, , , ,,,,,,,,,,,,,,,,,81,75,79,80,79,80,
Walmart,Health and Personal Care Stores,Yes,WMT, , , ,,,,,,,,,,,,,,,,,68,68,76,75,73,74,
Target,Health and Personal Care Stores,Yes,TGT, ,,,,,,,,,,,,,,,,,,,78,80,79,, , ,
Kroger,Health and Personal Care Stores,Yes,KR, ,,,,,,,,,,,,,,,,,,,81,81,81,80,81,78,
Family Dollar,Department and Discount Stores,No,N/A,,,,,,,,,,,,,,,,,,,,75,, , , , ,
Dollar Tree,Department and Discount Stores,Yes,DLTR,,,,,,,,,,,,,,,,,,,,79,76,80,77,77,77,
Audi (Volkswagen),Automobiles and Light Vehicles,Yes,AUDVF,,,,,,,,,,,,,,,,,,,,79,78,83,82,83,82,
Domino's,Limited-Service Restaurants,Yes,DPZ,70,68,68,70,67,69,73,75,75,,71,75,75,75,77,77,77,77,81,80,75,78,78,79,79,
Travelocity (Expedia),Internet Travel Services,No,N/A, , , , , , , ,76,76,76,75,74,73,75,75,77,79,75,,74,75,78,77,80,77,
Menards,Specialty Retail Stores,No,N/A, , , ,,,,,,,,,,,,,,,,,78,78,79,80,80,80,
Big Lots,Department and Discount Stores,Yes,BIG, , , ,,,,,,,,,,,,,,,,,77,74,77,74,75,73,
G6 Hospitality (Motel 6),Hotels,No,N/A,,,,,,,,,,,,,,,,,,,,,63,65,65,65,64,
Target,Supermarkets,Yes,TGT,,,,,,,,,,,,,,,,,,,,81,71,78,79,78,79,
Giant Eagle,Supermarkets,No,N/A,,,,,,,,,,,,,,,,,,,,72,67,74,76,76,76,
"Ahold USA (Stop & Shop, Giant)",Supermarkets,No,N/A,,,,,,,,,,,,,,,,,,,,72,70,, , , ,
ShopRite,Supermarkets,No,N/A,,,,,,,,,,,,,,,,,,,,77,75,79,79,79,80,
Aldi,Supermarkets,No,N/A,,,,,,,,,,,,,,,,,,,,81,81,83,84,84,83,
H-E-B,Supermarkets,No,N/A,,,,,,,,,,,,,,,,,,,,82,82,83,83,82,84,
Wegmans,Supermarkets,No,N/A,,,,,,,,,,,,,,,,,,,,85,86,83,84,85,84,
Trader Joe's,Supermarkets,No,N/A,,,,,,,,,,,,,,,,,,,,85,83,86,85,86,84,
Texas Roadhouse,Full-Service Restaurants,Yes,TXRH, , , ,,,,,,,,,,,,,,,,,,83,82,82,83,83,
GameStop,Specialty Retail Stores,Yes,GME, , , ,,,,,,,,,,,,,,,,,77,78,80,77,74,75,
Priceline,Internet Travel Services,Yes,PCLN, , , , , ,66,69,71,71,73,72,72,73,72,76,73,76,74,,75,75,81,77,78,76,
CBS Broadcasting,Network/Cable TV News,Yes,CBS,75,,,,,,,,,,,,,,,,,,,,,,,,,
Google,Internet Search Engines and Information,Yes,GOOGL, , , , ,,,,80,82,82,82,81,78,86,86,80,83,82,77,83,78,84,82,82,79,
MSN (Microsoft),Internet Search Engines and Information,No,N/A, , , , , ,71,67,72,74,75,75,74,75,75,75,75,78,78,74,73,74,75,72,76,72,
Yahoo! (Verizon Media),Internet Search Engines and Information,No,N/A, , , , , ,74,73,76,78,78,80,76,79,77,77,76,79,78,76,71,75,74,73,74,70,
BMW,Automobiles and Light Vehicles,Yes,BMWYY,81,81,80,86,86,84,86,86,85,84,86,85,86,87,87,86,83,86,82,80,82,85,82,82,82,
Cadillac (GM),Automobiles and Light Vehicles,Yes,GM,84,88,84,88,85,86,88,86,87,83,86,84,86,85,89,86,87,86,85,80,80,79,83,82,81,
Chevrolet (GM),Automobiles and Light Vehicles,Yes,GM,79,79,78,79,76,80,78,78,79,77,78,81,82,79,83,80,82,84,79,82,79,83,81,79,80,
Chrysler (Fiat Chrysler),Automobiles and Light Vehicles,No,N/A,82,80,80,80,79,80,78,80,82,80,80,80,79,80,84,80,76,78,83,81,74,79,79,74,71,
Dodge (Fiat Chrysler),Automobiles and Light Vehicles,Yes,N/A,77,77,77,78,75,81,77,78,78,75,78,78,80,78,81,78,79,81,79,78,76,78,75,77,74,
Ford,Automobiles and Light Vehicles,Yes,F,79,78,77,77,77,77,78,78,80,76,75,77,80,80,83,82,84,83,83,81,79,81,79,77,77,
GMC (GM),Automobiles and Light Vehicles,Yes,GM,,,80,78,81,81,79,81,83,80,81,82,82,83,82,84,83,80,85,82,78,84,84,80,78,
Honda,Automobiles and Light Vehicles,Yes,HMC,86,83,82,81,83,82,83,82,82,85,86,86,84,86,88,84,85,83,86,83,80,86,81,83,82,
Bing (Microsoft),Internet Search Engines and Information,No,N/A, , , , , ,,,,,,,,,,,77,82,81,76,73,72,75,73,73,72,
AOL (Verizon Media),Internet Search Engines and Information,No,N/A, , , , , ,56,58,59,65,67,71,74,67,69,70,74,75,74,71,70,74,69,70,68,74,
AltaVista,Internet Search Engines and Information,No,N/A, , , , , ,,,61,63,66,,,,,,,,,, , , , , , ,
NBC Television Network,Network/Cable TV News,No,N/A,74,,,,,,,,,,,,,,,,,,,,,,,,,
Turner Broadcasting System,Network/Cable TV News,No,N/A,81,,,,,,,,,,,,,,,,,,,,,,,,,
Sprint,Wireless Telephone Service,Yes,S, , , , , , , , , ,59,63,63,61,56,63,70,72,71,71,68,65,70,73,70,69,
Motorola (Lenovo),Cellular Telephones,Yes,LNVGY, , , , , , , , , ,70,70,71,72,74,72,76,77,73,77,77,79,77,76,79,80,
BlackBerry,Cellular Telephones,Yes,BB, , , , , , , , , ,,,,,,,,,69,69,74,78,,,,,
ABCNews.com,Internet News and Opinion,No,N/A, , , , , , , ,74,74,74,74,73,74,75,71,75,77,76,75,74,74,76,74,71,73,
CNN.com (WarnerMedia/AT&T),Internet News and Opinion,No,N/A, , , , , , , ,72,72,74,72,74,73,73,71,73,74,75,73,70,73,75,71,68,69,
FOXNews.com,Internet News and Opinion,No,N/A, , , , , , , ,,,,,,,,,82,82,84,82,76,76,79,77,78,78,
NBCNews.com,Internet News and Opinion,No,N/A, , , , , , , ,73,74,74,73,72,74,76,73,74,74,73,75,73,75,77,72,71,73,
NYTimes.com,Internet News and Opinion,Yes,NYT, , , , , , , ,71,70,72,72,72,73,75,73,76,73,74,74,73,76,76,73,75,76,
USATODAY.com,Internet News and Opinion,No,N/A, , , , , , , ,71,72,72,72,74,72,73,74,77,76,75,73,76,74,76,74,71,74,
Hyundai,Automobiles and Light Vehicles,Yes,HYMTF,68,69,68,72,68,76,81,78,81,81,84,84,83,83,85,82,83,85,82,81,81,81,83,80,79,
Jeep (Fiat Chrysler),Automobiles and Light Vehicles,Yes,FCAU,77,76,74,77,77,75,76,79,79,77,78,77,75,76,79,77,79,83,80,79,75,78,80,80,76,
Kia,Automobiles and Light Vehicles,Yes,KIMTF,,,,,,,,,,,,77,78,80,81,80,81,82,82,82,78,79,82,79,76,
Panasonic,Televisions and Video Players,No,N/A,80,80,83,79,,,,,,,,,,,,,,,,,,,,,,
Philips Electronics,Televisions and Video Players,No,N/A,81,82,79,79,,,,,,,,,,,,,,,,,,,,,,
RCA (Thomson),Televisions and Video Players,No,N/A,82,79,79,76,,,,,,,,,,,,,,,,,,,,,,
Buick (GM),Automobiles and Light Vehicles,Yes,GM,84,84,83,84,86,86,86,86,84,83,84,86,86,85,88,88,85,87,82,83,80,79,80,80,79,
SANYO,Televisions and Video Players,No,N/A,79,81,82,84,,,,,,,,,,,,,,,,,,,,,,
Sony,Televisions and Video Players,Yes,SNE,84,81,81,82,,,,,,,,,,,,,,,,,,,,,,
Zenith Electronics,Televisions and Video Players,No,N/A,84,84,84,83,,,,,,,,,,,,,,,,,,,,,,
MillerCoors,Breweries,No,N/A, , , , , , , , , , , , , , , , , ,81,82,81,78,81,, , ,
Clorox,Personal Care and Cleaning Products,Yes,CLX,88,84,83,85,84,85,85,85,86,88,88,86,87,87,88,86,88,87,85,85,82,84,84,85,82,
Colgate-Palmolive,Personal Care and Cleaning Products,Yes,CL,86,82,83,82,80,80,85,80,83,82,83,84,81,87,83,85,84,83,85,83,79,83,81,82,82,
Henkel,Personal Care and Cleaning Products,Yes,HENKY,85,85,83,81,79,85,84,84,85,85,83,83,86,85,84,83,84,83,84,81,79,85,83,82,77,
JVC,Televisions and Video Players,Yes,N/A,78,80,79,80,,,,,,,,,,,,,,,,,,,,,,
Emerson Electric,Televisions and Video Players,Yes,EMR,81,80,,,,,,,,,,,,,,,,,,,,,,,,
Volvo,Automobiles and Light Vehicles,Yes,VOLV-B,84,84,84,81,80,82,81,82,81,80,81,,,,,,,,,,79,,82,85,82,
Lexus (Toyota),Automobiles and Light Vehicles,Yes,TM,,,,,,,,,,,,86,87,87,89,85,87,89,87,84,84,84,86,85,84,
Lincoln (Ford),Automobiles and Light Vehicles,Yes,F,84,80,81,83,82,85,82,84,81,86,83,83,86,83,88,89,86,90,,,83,87,83,84,82,
Mazda,Automobiles and Light Vehicles,Yes,MZDAY,77,75,74,77,76,78,78,81,82,78,80,79,78,80,81,80,79,82,82,80,80,80,82,80,77,
Mercedes-Benz,Automobiles and Light Vehicles,Yes,DDAIF,86,87,87,86,86,87,86,83,83,80,80,82,83,82,86,86,86,85,88,86,83,81,84,82,83,
Nissan,Automobiles and Light Vehicles,Yes,NSANY,82,80,79,77,79,78,80,80,79,81,78,82,80,82,78,82,84,83,83,81,77,80,80,80,75,
Oldsmobile (GM),Automobiles and Light Vehicles,No,N/A,84,82,82,82,81,80,81,82,80,80,, , , , , , , , , , , , , , ,
Pontiac (GM),Automobiles and Light Vehicles,No,N/A,79,78,78,76,78,78,78,78,76,79,80,79,80,80,81,, , , , , , , , , ,
Saturn (GM),Automobiles and Light Vehicles,No,N/A,83,81,82,85,80,82,80,81,81,81,81,80,81,85,84,,,,,,,,,,,
Subaru,Automobiles and Light Vehicles,Yes,FUJHY,79,83,79,83,,,,,,,,,,,,,,87,86,85,82,84,85,84,82,
Toyota,Automobiles and Light Vehicles,Yes,TM,84,84,84,85,83,82,83,83,85,84,87,87,84,86,86,84,87,85,86,83,82,85,86,83,81,
Volkswagen,Automobiles and Light Vehicles,Yes,VOW3,76,76,79,78,82,83,81,82,76,80,78,78,80,81,86,81,84,85,84,84,80,78,79,82,77,
HuffPost (Verizon),Internet News and Opinion,Yes,VZ, , , , , , , ,,,,,,,,,,69,69,69,70,71,72,67,70,70,
TracFone Wireless,Wireless Telephone Service,Yes,N/A, , , , , , , ,,,,,,,,,,,,,,77,75,77,78,78,
Frontier Communications,Subscription Television Service,Yes,N/A,,, ,,,,,,,,,,,,,,,,,,,,60,56,57,
Suddenlink (Altice),Fixed-Line Telephone Service,No,N/A,,,,,,,,,,,,,,,,,,,,,,,,71,61,
U-verse TV (AT&T),Video-on-Demand Service,No,N/A,,, , , , , , , , , , , , , , , , , , , , , ,74,72,
DISH Network,Video-on-Demand Service,Yes,DISH,,, , , , , , , , , , , , , , , , , , , , , ,73,71,
Fios (Verizon),Video-on-Demand Service,No,N/A,,, , , , , , , , , , , , , , , , , , , , , ,72,72,
DIRECTV (AT&T),Video-on-Demand Service,Yes,T,,, , , , , , , , , , , , , , , , , , , , , ,70,70,
Optimum (Altice),Video-on-Demand Service,No,N/A,,, , , , , , , , , , , , , , , , , , , , , ,68,66,
Cox Communications,Video-on-Demand Service,No,N/A,,, , , , , , , , , , , , , , , , , , , , , ,67,66,
Xfinity (Comcast),Video-on-Demand Service,Yes,CMCSA,,, , , , , , , , , , , , , , , , , , , , , ,67,66,
Spectrum (Charter),Video-on-Demand Service,Yes,CHTR,,, , , , , , , , , , , , , , , , , , , , , ,64,64,
Netflix,Video Streaming Service,Yes,NFLX,,, , , , , , , , , , , , , , , , , , , , , ,78,79,
Sony PlayStation Vue,Video Streaming Service,No,N/A,,, , , , , , , , , , , , , , , , , , , , , ,78,78,
Twitch (Amazon),Video Streaming Service,Yes,AMZN,,, , , , , , , , , , , , , , , , , , , , , ,78,75,
Apple iTunes,Video Streaming Service,No,N/A,,, , , , , , , , , , , , , , , , , , , , , ,77,76,
Microsoft Store,Video Streaming Service,Yes,MSFT,,, , , , , , , , , , , , , , , , , , , , , ,77,77,
YouTube (Google),Video Streaming Service,Yes,GOOGL,,, , , , , , , , , , , , , , , , , , , , , ,76,75,
Amazon Prime Video,Video Streaming Service,Yes,AMZN,,, , , , , , , , , , , , , , , , , , , , , ,75,76,
Netflix,Internet Retail,Yes,NFLX,,, , , ,,,,,,,,84,85,87,86,74,75,79,81,76,79,,,,
Save-A-Lot,Supermarkets,No,N/A,,,,,,,,,,,,,,,,,,,,,,,76,76,75,
BJ's Wholesale Club,Supermarkets,No,N/A,,,,,,,,,,,,,,,,,,,,,,,80,79,82,
Ask.com,Internet Search Engines,No,N/A,,,, , ,,,,,,,,,,,,,,,,,73,72,70,73,
Charles Schwab,Financial Advisors,Yes,SCHW, , , , , ,,,,,,,,,,,,,,,,, ,82,82,82,
LPL Financial,Financial Advisors,Yes,LPLA, , , , , ,,,,,,,,,,,,,,,,, ,82,78,78,
Morgan Stanley,Financial Advisors,Yes,MS, , , , , , , , , , , , , , , , , , , , , , ,81,79,79,
Raymond James,Financial Advisors,Yes,RJF, , , , , , , , , , , , , , , , , , , , , , ,81,81,80,
Wells Fargo,Financial Advisors,Yes,WFC, , , , , , , , , , , , , , , , , , , , , , ,80,79,79,
Fidelity,Financial Advisors,No,N/A, , , , , , , , , , , , , , , , , , , , , , ,79,79,79,
Merrill (Bank of America),Financial Advisors,Yes,BAC, , , , , , , , , , , , , , , , , , , , , , ,79,79,77,
UBS,Financial Advisors,Yes,UBS, , , ,,,,,,,,,,,,,,,,,,,,79,80,80,
Independent Advisors,Financial Advisors,No,N/A, , , ,,,,,,,,,,,,,,,,,,,,79,81,80,
O'Reilly Auto Parts,Specialty Retail Stores,Yes,ORLY, , , ,,,,,,,,,,,,,,,,,,,,81,80,78,
Foot Locker,Specialty Retail Stores,Yes,FL,,,,,,,,,,,,,,,,,,,,,,,78,78,79,
Michaels,Specialty Retail Stores,No,N/A,,,,,,,,,,,,,,,,,,,,,,,78,79,77,
Cabela's,Specialty Retail Stores,No,N/A,,,,,,,,,,,,,,,,,,,,,,,82,80,80,
Costco,Supermarkets,Yes,COST,,,,,,,,,,,,,,,,,,,,,,,83,83,83,
Sam's Club (Walmart),Supermarkets,Yes,WMT,,,,,,,,,,,,,,,,,,,,,,,82,80,80,
Google Play,Video Streaming Service,No,N/A,,,,,,,,,,,,,,,,,,,,,,, ,75,75,
Hulu,Video Streaming Service,No,N/A,,,,,,,,,,,,,,,,,,,,,,, ,75,76,
Vudu (Walmart),Video Streaming Service,No,N/A, , , ,,,,,,,,,,,,,,,,,,,,,75,75,
Home Depot,Internet Retail,Yes,HD, , , ,,,,,,,,,,,,,,,,,,,,,79,78,
Lowe's,Internet Retail,Yes,LOW, , , ,,,,,,,,,,,,,,,,,,,,,79,78,
Gap,Internet Retail,Yes,GPS, , , ,,,,,,,,,,,,,,,,,,,,,78,78,
Best Buy,Internet Retail,Yes,BBY, , , ,,,,,,,,,,,,,,,,,,,,,77,78,
Groupon Goods,Internet Retail,Yes,GRPN, , , ,,,,,,,,,,,,,,,,,,,,,76,77,
Staples,Internet Retail,Yes,SPLS, , , ,,,,,,,,,,,,,,,,,,,,,76,77,
Walgreens,Internet Retail,Yes,WBA, , , ,,,,,,,,,,,,,,,,,,,,,76,75,
GameStop,Internet Retail,Yes,GME, , , ,,,,,,,,,,,,,,,,,,,,,75,76,
Walmart,Internet Retail,Yes,WMT, , , ,,,,,,,,,,,,,,,,,,,,,74,74,
Sears,Internet Retail,No,N/A, , , ,,,,,,,,,,,,,,,,,,,,,73,73,
Ulta Beauty,Specialty Retail Stores,Yes,ULTA, , , ,,,,,,,,,,,,,,,,,,,,,80,80,
Sephora,Specialty Retail Stores,No,N/A, , , ,,,,,,,,,,,,,,,,,,,,,79,80,
TripAdvisor,Internet Travel Services,Yes,TRIP, , , ,,,,,,,,,,,,,,,,,,,,,,82,
Frontier Communications,Video-on-Demand Service,Yes,FTR, , , ,,,,,,,,,,,,,,,,,,,,,,67,
Sonic Drive-In,Limited-Service Restaurants,No,N/A,,,,,,,,,,,,,,,,,,,,,,,,,76,
Snapchat,Internet Social Media,Yes,SNAP, , , ,,,,,,,,,,,,,,,,,,,,,,71,
Dell,Internet Retail,Yes,DELL, , , ,,,,,,,,,,,,,,,,,,,,,79,78,
Wayfair,Internet Retail,Yes,W, , , ,,,,,,,,,,,,,,,,,,,,,80,80,
Target,Internet Retail,Yes,TGT, , , ,,,,,,,,,,,,,,,,,,,,,80,78,
CBS All Access,Video Streaming Service,No,N/A, , , ,,,,,,,,,,,,,,,,,,,,,74,75,
HBO,Video Streaming Service,No,N/A, , , , , , , , , , , , , , , , , , , , , , , ,72,74,
Starz,Video Streaming Service,No,N/A, , , , , , , , , , , , , , , , , , , , , , , ,72,72,
Sling TV (DISH),Video Streaming Service,No,N/A, , , , , , , , , , , , , , , , , , , , , , , ,71,74,
DIRECTV NOW (AT&T),Video Streaming Service,No,N/A,,,,, , , , , , , , , , , , , , , , , , , ,70,69,
Showtime,Video Streaming Service,No,N/A,,,,, , , , , , , , , , , , , , , , , , , ,70,71,
Sony Crackle,Video Streaming Service,No,N/A,,,,, , , , , , , , , , , , , , , , , , , ,68,68,
Ram (Fiat Chrysler),Automobiles and Light Vehicles,Yes,RAM,,,,,,,,,,,,,,,,,,,,,,,,80,80,
Costco,Internet Retail,Yes,COST, , , , , ,,,,,,,,,,,,,,,,,,,83,81,
Etsy,Internet Retail,Yes,ETSY, , , , , ,,,,,,,,,,,,,,,,,,,81,82,
Kohl's,Internet Retail,Yes,KSS, , , , , ,,,,,,,,,,,,,,,,,,,81,81,
Nike,Internet Retail,Yes,NKE, , , , , ,,,,,,,,,,,,,,,,,,,81,81,
Nordstrom,Internet Retail,Yes,JWN, , , , , ,,,,,,,,,,,,,,,,,,,81,82,
Apple,Internet Retail,Yes,AAPL, , , , , ,,,,,,,,,,,,,,,,,,,80,78,
HP Store,Internet Retail,Yes,HPQ, , , , , ,,,,,,,,,,,,,,,,,,,80,81,
Macy's,Internet Retail,Yes,M, , , , , ,,,,,,,,,,,,,,,,,,,80,80,
TD Ameritrade,Financial Advisors,Yes,AMTD, , , ,,,,,,,,,,,,,,,,,,,,,,77,
LongHorn Steakhouse,Full-Service Restaurants,No,N/A,,,,,,,,,,,,,,,,,,,,,81,82,77,81,81,
LG,Household Appliances,Yes,066570.KS,,,,,,,,,,,,,,,,,,,,,82,85,83,82,82,
Bosch,Household Appliances,No,N/A,,,,,,,,,,,,,,,,,,,,,79,84,82,83,80,
Amazon,Personal Computers and Internet Retail,Yes,AMZN,,,,,,,,,,,,,,,,,,,,,78,80,79,82,79,
Samsung,Personal Computers and Household Appliances,Yes,005930.KS,,,,,,,,,,,,,,,,,,,,,78,83,82,82,81,
ASUS,Personal Computers,Yes,2357.TW,,,,,,,,,,,,,,,,,,,,,77,78,80,78,76,
Lenovo,Personal Computers,Yes,0992.HK,,,,,,,,,,,,,,,,,,,,,74,76,76,77,74,
Regions Bank,Banks,Yes,RF,,,,,,,,,,,,,,,,,,,,,79,78,81,79,78,
BB&T,Banks,Yes,BBT,,,,,,,,,,,,,,,,,,,,,77,82,80,79,80,
Capital One,Banks,Yes,COF,,,,,,,,,,,,,,,,,,,,,77,80,80,81,79,
U.S. Bank,Banks,Yes,USB,,,,,,,,,,,,,,,,,,,,,76,77,80,79,79,
Fifth Third Bank,Banks,Yes,FITB,,,,,,,,,,,,,,,,,,,,,75,81,76,75,78,
TD Bank,Banks,Yes,TD,,,,,,,,,,,,,,,,,,,,,75,79,80,80,77,
SunTrust Bank,Banks,Yes,STI,,,,,,,,,,,,,,,,,,,,,74,80,80,81,76,
Citizens Bank,Banks,Yes,CFG,,,,,,,,,,,,,,,,,,,,,70,80,77,78,78,
Humana,Health Insurance,Yes,HUM,,,,,,,,,,,,,,,,,,,,,71,72,79,78,79,
Kaiser Permanente,Health Insurance,No,N/A,,,,,,,,,,,,,,,,,,,,,71,74,79,78,77,
Samsung,Household Appliances,Yes,005930.KS,,,,,,,,,,,,,,,,,,,,,81,84,78,80,80,
Fiat (Fiat Chrysler),Automobiles and Light Vehicles,Yes,FCAU,,,,,,,,,,,,,,,,,,,,,73,,75,78,77,
MINI (BMW),Automobiles and Light Vehicles,No,N/A,,,,,,,,,,,,,,,,,,,,,76,,,80,,
Cracker Barrel,Full-Service Restaurants,Yes,CBRL, , , ,,,,,,,,,,,,,,,,,,80,83,84,81,82,
Red Robin,Full-Service Restaurants,Yes,RRGB, , , ,,,,,,,,,,,,,,,,,,77,80,73,79,79,
TGI Fridays,Full-Service Restaurants,No,N/A, , , ,,,,,,,,,,,,,,,,,,76,78,76,79,78,
Denny's,Full-Service Restaurants,Yes,DENN, , , ,,,,,,,,,,,,,,,,,,75,74,76,77,77,
Ruby Tuesday,Full-Service Restaurants,No,N/A,,,,,,,,,,,,,,,,,,,,,73,78,78,78,78,
Chick-fil-A,Limited-Service Restaurants,No,N/A,,,,,,,,,,,,,,,,,,,,,86,87,87,87,86,
Chipotle Mexican Grill,Limited-Service Restaurants,Yes,CMG,,,,,,,,,,,,,,,,,,,,,83,78,79,79,80,
Panera Bread,Limited-Service Restaurants,Yes,PNRA (previously),,,,,,,,,,,,,,,,,,,,,80,81,82,81,81,
Arby's (Inspire Brands),Limited-Service Restaurants,No,N/A,,,,,,,,,,,,,,,,,,,,,74,80,80,79,80,
Jack in the Box,Limited-Service Restaurants,Yes,JACK,,,,,,,,,,,,,,,,,,,,,72,74,75,74,75,
About.com,Internet Search Engines,No,N/A,,,,,,,,,,,,,,,,,,,,,71,69,, , ,
Answers.com,Internet Search Engines,No,N/A,,,,,,,,,,,,,,,,,,,,,67,69,68,69,71,
Instagram (Facebook),Internet Social Media,Yes,FB,,,,,,,,,,,,,,,,,,,,,76,74,75,72,72,
Tumblr (Verizon Media),Internet Social Media,No,N/A,,,,,,,,,,,,,,,,,,,,,69,67,68,68,64,
Infiniti (Nissan),Automobiles and Light Vehicles,Yes,7201.T,,,,,,,,,,,,,,,,,,,,,77,84,,78,82,
Mitsubishi,Automobiles and Light Vehicles,Yes,7211.T,,,,,,,,,,,,,,,,,,,,,77,79,78,79,76,
Cigna,Health Insurance,Yes,CI,,,,,,,,,,,,,,,,,,,,,60,67,66,73,72,
Thrivent Financial,Life Insurance,No,N/A,,,,,,,,,,,,,,,,,,,,,82,81,83,,,
Primerica,Life Insurance,Yes,PRI,,,,,,,,,,,,,,,,,,,,,81,75,74,78,,
Albertsons Companies,Health and Personal Care Stores,Yes,ACI,,,,,,,,,,,,,,,,,,,,,69,83,78,78,75,
Petco,Specialty Retail Stores,Yes,WOOF,,,,,,,,,,,,,,,,,,,,,76,78,77,78,77,
Burlington,Specialty Retail Stores,Yes,BURL, , , ,,,,,,,,,,,,,,,,,,76,79,77,76,76,
L Brands,Specialty Retail Stores,Yes,LB, , , , , ,,,,,,,,,,,,,,,83,81,81,85,82,82,
AutoZone,Specialty Retail Stores,Yes,AZO, , , , , ,,,,,,,,,,,,,,,,75,80,78,78,77,
Advance Auto Parts,Specialty Retail Stores,Yes,AAP, , , , , ,,,,,,,,,,,,,,,,72,79,79,78,78,
Abercrombie & Fitch,Specialty Retail Stores,Yes,ANF,,,,,,,,,,,,,,,,,,,,,65,76,79,78,79,
Hy-Vee,Supermarkets,No,N/A,,,,,,,,,,,,,,,,,,,,,78,79,81,79,78,
Toys R Us,Specialty Retail Stores,No,N/A,,,,, ,,,,,,,,,,,,,,,,75,77,78,, ,
Windstream,Internet Service Providers,Yes,WINMQ,,,,,,,,,,,,,,,,,,,,,,59,57,56,57,
Suddenlink (Altice USA),Internet Service Providers,No,N/A,,,,,,,,,,,,,,,,,,,,,,61,66,61,60,
U.S. Cellular,Wireless Telephone Service,Yes,USM,,,,,,,,,,,,,,,,,,,,,,72,74,74,74,
Johnson & Johnson,Personal Care and Cleaning Products,Yes,JNJ,,,,,,,,,,,,,,,,,,,,,,82,81,82,77,
Ascena,Specialty Retail Stores,No,N/A,,,,,,,,,,,,,,,,,,,,,,78,79,80,80,
Dick's Sporting Goods,Specialty Retail Stores,Yes,DKS,,,,,,,,,,,,,,,,,,,,,,79,78,75,76,
Ahold Delhaize,Supermarkets,Yes,AD,,,,, , , , , , , , , , , , , , , , , ,76,79,78,77,
Kmart (Sears),Health and Personal Care Stores,No,N/A,,,,,,,,,,,,,,,,,,,,,76,84,80,76,75,
Ross Stores,Department and Discount Stores,Yes,ROST,,,,,,,,,,,,,,,,,,,,,74,76,76,77,76,
Belk,Department and Discount Stores,No,N/A,,,,,,,,,,,,,,,,,,,,,77,80,77,78,78,
Allstate,Life Insurance,Yes,ALL,,,,,,,,,,,,,,,,,,,,,77,82,79,75,81,
Mutual of Omaha,Life Insurance,No,N/A,,,,,,,,,,,,,,,,,,,,,76,81,80,83,82,
State Farm,Life Insurance,No,N/A,,,,,,,,,,,,,,,,,,,,,76,79,79,77,80,
Lincoln Financial,Life Insurance,Yes,LNC,,,,,,,,,,,,,,,,,,,,,75,76,76,78,78,
Farmers,Life Insurance,Yes,FMNB,,,,,,,,,,,,,,,,,,,,,71,80,77,74,81,
Farm Bureau,Property and Casualty Insurance,No,N/A,,,,,,,,,,,,,,,,,,,,,80,74,80,80,,
AAA,Property and Casualty Insurance,No,N/A,,,,,,,,,,,,,,,,,,,,,75,81,82,81,76,
Nationwide,Property and Casualty Insurance,Yes,NFS,,,,,,,,,,,,,,,,,,,,,75,79,76,80,,
American Family,Property and Casualty Insurance,No,N/A,,,,,,,,,,,,,,,,,,,,,73,77,79,78,77,
Liberty Mutual,Property and Casualty Insurance,No,N/A,,,,,,,,,,,,,,,,,,,,,73,77,80,76,78,
Travelers,Property and Casualty Insurance,Yes,TRV,,,,,,,,,,,,,,,,,,,,,73,77,80,78,,
Vanguard,Internet Investment Services,Yes,N/A,,,,,,,,,,,,,,,,,,,,,80,81,82,79,81,
Scottrade (TD Ameritrade),Internet Investment Services,Yes,AMTD,,,,,,,,,,,,,,,,,,,,,79,83,77,, ,
Edward Jones,Internet Investment Services,No,N/A,,,,,,,,,,,,,,,,,,,,,78,81,80,81,80,
Merrill Edge (Bank of America),Internet Investment Services,Yes,BAC,,,,,,,,,,,,,,,,,,,,,73,79,77,79,74,
Fred Meyer (Kroger),Department and Discount Stores,No,N/A,,,,,,,,,,,,,,,,,,,,,79,81,80,76,74,
Verizon Communications,Fixed-Line Telephone Service,Yes,VZ, ,,,, , ,73,71,73,73,70,69,72,70,71,73,71,70,74,73,68,72,73,72,73,
Time Warner,Motion Pictures,No,N/A,77,,,,,,,,,,,,,,,,,,,,,,,,,
Cox Communications,Subscription Television Service,No,N/A, , , , ,,,,,,63,63,63,63,63,66,67,67,63,65,63,62,59,61,60,59,
DIRECTV (AT&T),Subscription Television Service,Yes,T, , , , , , ,70,70,72,71,67,71,67,68,71,68,69,68,72,69,68,68,68,64,66,
DISH Network,Subscription Television Service,Yes,DISH, , , , , , ,71,68,71,71,68,68,67,65,64,71,67,69,70,67,67,67,67,67,67,
Time Warner Cable (Charter Communications),Subscription Television Service,Yes,CHTR, , , , , , ,63,61,61,60,61,61,58,59,59,61,59,63,60,56,51,59,60,, ,
Fios (Verizon Communications),Subscription Television Service,No,N/A, , , , , , ,,,,,,,,,,73,72,74,73,68,71,70,71,68,68,
AT&T,Wireless Telephone Service,Yes,T, , , , , , , , , ,63,62,63,68,71,67,69,66,69,70,68,70,71,72,74,74,
AT&T Wireless,Wireless Telephone Service,No,N/A, , , , , , , , , ,61,, , , , , , , , , , , , , , ,
Nextel Communications,Wireless Telephone Service,No,N/A, , , , , , , , , ,,59,, , , , , , , , , , , , , ,
T-Mobile,Wireless Telephone Service,Yes,TMUS, , , , , , , , , ,,64,69,70,71,71,73,70,69,68,69,70,74,73,76,76,
Verizon Wireless,Wireless Telephone Service,No,N/A, , , , , , , , , ,68,67,69,71,72,74,73,72,70,73,75,71,71,74,74,74,
Kyocera,Cellular Telephones,Yes,6971.T, , , , , , , , , ,70,,,,,,,,,,,,,,,,
Microsoft Mobile (Nokia),Cellular Telephones,No,N/A, , , , , , , , , ,72,70,69,72,74,74,76,73,75,76,77,75,74,80,#, ,
Samsung,Cellular Telephones,Yes,005930.KS,,,, , , , , , ,73,71,73,70,71,70,76,74,71,76,81,80,80,80,80,81,
Gateway,Personal Computers,No,N/A,,,,76,76,78,73,72,69,74,72,73,75,, , , , , , , , , , , ,
Xfinity (Comcast),Subscription Television Service,No,N/A,,,, , , ,64,56,55,56,58,60,56,54,59,61,59,61,63,60,54,62,58,57,57,
Spectrum (Charter Communications),Subscription Television Service,Yes,CHTR, ,,, , , ,63,53,55,56,56,55,55,54,51,60,59,59,64,60,63,60,63,58,59,
Universal Studios,Motion Pictures,Yes,CMCSA,74,,,,,,,,,,,,,,,,,,,,,,,,,
Walt Disney,Motion Pictures,Yes,DIS,80,,,,,,,,,,,,,,,,,,,,,,,,,
AT&T Internet,Internet Service Providers,No,N/A, , , , , , , , , , , , , , , , , , ,65,65,69,64,69,68,69,
Bell Atlantic,Fixed-Line Telephone Service,No,N/A,81,81,72,71,73,71,, , , , , , , , , , , , , , , , , , ,
Ameritech,Fixed-Line Telephone Service,No,N/A,79,77,73,70,66,, , , , , , , , , , , , , , , , , , , ,
AT&T,Fixed-Line Telephone Service,Yes,T,83,83,80,81,79,75,73,73,76,76,72,71,70,75,71,75,71,70,73,72,65,70,71,72,72,
Dow Jones,Newspapers,No,N/A,76,,,,,,,,,,,,,,,,,,,,,,,,,
Gannett,Newspapers,Yes,GCI,66,,,,,,,,,,,,,,,,,,,,,,,,,
Knight-Ridder,Newspapers,No,N/A,70,,,,,,,,,,,,,,,,,,,,,,,,,
New York Times,Newspapers,Yes,NYT,70,,,,,,,,,,,,,,,,,,,,,,,,,
Times Mirror,Newspapers,No,N/A,67,,,,,,,,,,,,,,,,,,,,,,,,,
Tribune,Newspapers,No,N/A,70,,,,,,,,,,,,,,,,,,,,,,,,,
U-verse TV (AT&T),Subscription Television,Yes,T, ,,, , , ,,,,,,,,,,72,68,68,71,69,69,69,70,70,69,
AT&T Corp.,Subscription Television,No,N/A, ,,, , , ,62,56,, , , , , , , , , , , , , , , , ,
Chili's,Full-Service Restaurants,No,N/A, , , , , , , , , , , , ,75,73,74,78,79,76,78,74,74,75,77,78,78,
Olive Garden (Darden),Full-Service Restaurants,Yes,DRI, , , , , , , , , , , , ,80,82,81,84,82,80,83,80,79,81,81,80,79,
McDonald's,Limited-Service Restaurants,Yes,MCD,63,60,60,61,61,59,62,61,64,,62,63,64,69,70,67,72,73,73,71,67,69,69,69,69,
Papa John's,Limited-Service Restaurants,Yes,PZZA,,,,,76,77,78,76,76,,78,79,77,76,75,80,79,83,82,82,78,82,82,80,80,
Pizza Hut (Yum! Brands),Limited-Service Restaurants,Yes,YUM,66,63,71,71,68,70,71,70,75,,71,76,72,76,74,78,81,78,80,82,78,77,76,80,80,
Starbucks,Limited-Service Restaurants,Yes,SBUX,,,,,,,,,,,,77,78,77,76,78,80,76,80,76,74,75,77,78,79,
Taco Bell (Yum! Brands),Limited-Service Restaurants,Yes,YUM,66,66,67,64,64,63,66,67,68,,72,70,69,70,73,74,76,77,74,72,72,75,76,74,75,
Wendy's,Limited-Service Restaurants,Yes,WEN,73,71,69,73,71,70,72,74,74,,75,76,78,73,76,77,77,78,79,78,73,76,76,77,77,
American,Airlines,Yes,AAL,71,71,62,67,64,63,62,63,67,66,64,62,60,62,60,63,63,64,65,66,66,72,76,74,73,
Continental,Airlines,No,N/A,64,66,64,66,64,62,67,68,68,67,70,67,69,62,68,71,64,, , , , , , , ,
Delta,Airlines,Yes,DAL,72,67,69,65,68,66,61,66,67,67,65,64,59,60,64,62,56,65,68,71,71,71,76,74,75,
Northwest Airlines,Airlines,No,N/A,71,67,64,63,53,62,56,65,64,64,64,61,61,57,57,61,, , , , , , , , ,
Southwest,Airlines,Yes,LUV,76,76,76,74,72,70,70,74,75,73,74,74,76,79,81,79,81,77,81,78,78,80,80,80,79,
United,Airlines,Yes,UAL,67,70,68,65,62,62,59,64,63,64,61,63,56,56,56,60,61,62,62,60,60,68,70,67,70,
US Airways,Airlines,No,N/A,67,66,68,65,61,62,60,63,64,62,57,62,61,54,59,62,61,65,64,66,, , , , ,
Facebook,Internet Social Media,Yes,FB, , , , , , , , , , , , , , , ,64,66,61,62,67,75,68,68,67,63,
Little Caesars,Limited-Service Restaurants,No,N/A,69,69,73,71,,69,70,74,75,,74,77,75,75,75,78,80,82,82,80,74,81,78,77,77,
KFC (Yum! Brands),Limited-Service Restaurants,Yes,YUM,68,69,67,64,64,65,63,69,71,,69,70,71,70,69,75,75,75,81,74,73,78,78,77,78,
Outback Steakhouse,Full-Service Restaurants,Yes,BLMN, , , , , , , , , , , , ,79,76,77,80,81,81,81,80,78,77,80,79,79,
Red Lobster,Full-Service Restaurants,Yes,DRI, , , , , , , , , , , , ,78,79,80,83,82,83,83,78,77,79,81,79,78,
Best Western,Hotels,Yes,BW,70,,,,,,,,,,,,,70,75,76,76,76,79,74,74,75,76,77,77,
Choice,Hotels,Yes,CHH,,,,,,,,,,,,,,71,76,74,74,76,75,74,73,74,74,73,74,
Hilton,Hotels,Yes,HLT,75,75,75,72,74,77,74,76,74,77,76,78,76,78,79,80,80,80,80,78,80,81,81,82,80,
Holiday Inn,Hotels,Yes,HLT,69,,,69,68,71,71,69,72,73,69,72,72,, , , , , , , , , , , ,
Hyatt,Hotels,Yes,H,75,77,77,75,73,74,73,75,77,74,74,75,77,78,74,79,77,76,79,78,80,79,80,79,79,
InterContinental,Hotels,Yes,IHG,,,,,,,,,,,,,,74,75,78,76,77,78,78,76,76,78,77,78,
Marriott,Hotels,Yes,MAR,76,77,76,76,77,74,77,76,76,76,76,75,79,78,77,80,79,78,82,81,80,80,80,81,80,
Promus Hotel,Hotels,No,N/A,80,83,77,78,79,, , , , , , , , , , , , , , , , , , , ,
Ramada,Hotels,Yes,N/A,69,70,64,67,67,69,66,67,70,67,66,70,69,, , , , , , , , , , , ,
Starwood (Marriott),Hotels,Yes,HOT,,,,,,73,71,69,73,73,75,75,76,74,74,77,79,75,78,76,76,78,79,79,,
Wyndham,Hotels,Yes,WH,,,,,,,,,,,,,,70,70,70,73,70,72,72,68,70,71,70,70,
Burger King,Limited-Service Restaurants,Yes,BKW,65,67,68,64,66,67,65,68,68,,71,70,69,71,69,74,75,75,76,76,72,76,77,76,76,
Myspace,Internet Social Media,No,N/A, ,,, , , , , , , , , , , , ,63,,,,,,,,,,
Sony Pictures Entertainment,Motion Pictures,No,N/A,74,,,,,,,,,,,,,,,,,,,,,,,,,
Charles Schwab,Internet Investment Services,Yes,SCHW, , , , , ,76,72,76,75,71,74,80,82,78,79,80,79,77,84,80,78,81,80,79,81,
Chevron,Gasoline Stations,Yes,CVX,81,78,77,81,76,76,,,,,,,,,,,,,,,,,,,,
Exxon,Gasoline Stations,Yes,XOM,80,79,78,80,, ,,,,,,,,,,,,,,,,,,,,
Exxon Mobil,Gasoline Stations,Yes,XOM, , , , ,77,75,,,,,,,,,,,,,,,,,,,,
Mobil,Gasoline Stations,No,N/A,79,78,78,82,, ,,,,,,,,,,,,,,,,,,,,
Phillips Petroleum,Gasoline Stations,No,N/A,81,79,82,,,,,,,,,,,,,,,,,,,,,,,
Shell Oil,Gasoline Stations,Yes,RDS.A,80,77,81,78,75,77,,,,,,,,,,,,,,,,,,,,
Texaco,Gasoline Stations,No,N/A,80,82,77,81,75,75,,,,,,,,,,,,,,,,,,,,
Unocal,Gasoline Stations,No,N/A,80,,,,,,,,,,,,,,,,,,,,,,,,,
Barnes & Noble,Specialty Retail Stores,Yes,BKS, , , , , , ,,,,,,,83,83,84,82,79,82,82,81,79,81,81,81,81,
Best Buy,Specialty Retail Stores,Yes,BBY, , , , , , ,,,72,72,71,76,74,74,74,77,77,78,77,77,74,77,78,78,77,
Borders,Specialty Retail Stores,No,N/A, , , , , , ,,,,,,,81,79,81,80,, , , , , , , , ,
Circuit City Stores,Specialty Retail Stores,No,N/A, , , , , , ,,,73,72,70,69,71,72,, , , , , , , , , , ,
Costco,Department and Discount Stores,Yes,COST, , , , ,79,77,76,79,80,79,79,81,81,83,81,82,83,83,84,84,81,83,83,83,83,
Gap,Specialty Retail Stores,Yes,GPS, , , , , , ,,,,,,,75,75,75,74,77,76,77,75,75,79,77,78,79,
BP Amoco,Gasoline Stations,No,N/A,,,, ,76,76,,,,,,,,,,,,,,,,,,,,
BP,Gasoline Stations,Yes,BP,,,,81,, ,,,,,,,,,,,,,,,,,,,,
E*Trade,Internet Investment Services,Yes,ETFC, , , , , ,66,66,69,71,70,71,74,73,69,74,76,79,73,76,76,74,80,79,79,78,
Fidelity,Internet Investment Services,No,N/A, , , , , ,,,,,,,80,84,80,79,78,79,78,81,76,77,81,80,79,81,
TD Ameritrade,Internet Investment Services,Yes,AMTD, , , , , ,,,,,,,77,80,71,76,77,78,77,74,74,73,78,79,77,79,
1-800-FLOWERS.COM,Internet Retail,Yes,FLWS, , , , , ,69,76,78,76,79,77,77,,,,,,,,,,,,,,
Amazon,Internet Retail,Yes,AMZN, , , , , ,84,84,88,88,84,87,87,88,86,86,87,86,85,88,86,83,86,85,82,83,
barnesandnoble.com,Internet Retail,No,N/A, , , , , ,77,82,87,86,87,87,88,,,,,,,,,,,,,,
Buy.com,Internet Retail,No,N/A, , , , , ,78,78,80,80,80,80,81,,,,,,,,,,,,,,
eBay,Internet Retail,Yes,EBAY, , , , , ,80,82,82,84,80,81,80,81,78,79,81,81,83,80,79,75,81,81,80,79,
Egghead.com,Internet Retail,No,N/A, , , , , ,73,, , , , , , , , , , , , , , , , , , ,
Newegg,Internet Retail,No,N/A, , , , , ,,,,,,,,87,88,86,84,85,84,83,81,79,83,83,80,81,
Overstock,Internet Retail,Yes,OSTK, , , , , ,,,,,,,,80,82,82,83,83,81,79,77,73,79,81,80,79,
uBid.com,Internet Retail,No,N/A, , , , , ,67,69,70,73,73,73,74,,,,,,,,,,,,,,
Amoco,Gasoline Stations,No,N/A,81,80,79,83,,,,,,,,,,,,,,,,,,,,,,
Atlantic Richfield,Gasoline Stations,No,N/A,78,72,74,74,,,,,,,,,,,,,,,,,,,,,,
Home Depot,Specialty Retail Stores,Yes,HD, , , , , , ,75,71,73,73,67,70,67,70,72,75,78,77,79,76,73,80,76,76,78,
Lowe's,Specialty Retail Stores,Yes,LOW, , , , , , ,75,76,77,76,78,74,75,76,79,77,79,79,82,81,74,79,78,78,78,
Southeastern Grocers,Supermarkets,No,N/A,75,75,74,74,71,74,72,73,73,72,73,76,71,73,74,76,75,78,77,79,74,77,78,76,76,
Microsoft,Computer Software,Yes,MSFT, , , , , , , , , , , ,73,70,69,70,76,78,75,74,75,75,80,76,79,77,
BellSouth,Fixed-Line Telephone Service,No,N/A,83,83,78,78,76,75,74,74,74,73,70,71,, , , , , , , , , , , , ,
CenturyLink,Fixed-Line Telephone Service,Yes,CTL,83,80,76,76,74,70,71,74,73,65,66,64,66,70,68,70,70,66,71,71,70,68,66,66,65,
Xfinity (Comcast),Fixed-Line Telephone Service,No,N/A,,,,,,,,,,,,69,67,69,67,68,69,67,71,67,64,64,65,66,67,
Cox Communications,Fixed-Line Telephone Service,No,N/A,,,,,,,,,,,,76,70,74,74,74,72,71,74,70,68,68,68,65,67,
GTE,Fixed-Line Telephone Service,No,N/A,72,72,68,65,63,69,, , , , , , , , , , , , , , , , , , ,
MCI,Fixed-Line Telephone Service,No,N/A,75,78,72,74,73,70,70,70,67,70,70,, , , , , , , , , , , , , ,
NYNEX,Fixed-Line Telephone Service,No,N/A,79,75,66,, , , , , , , , , , , , , , , , , , , , , ,
Pacific Telesis,Fixed-Line Telephone Service,No,N/A,78,80,72,, , , , , , , , , , , , , , , , , , , , , ,
Qwest Communications,Fixed-Line Telephone Service,No,N/A, , , , , , ,61,56,62,64,69,70,72,73,71,72,73,, , , , , , , ,
SBC Communications,Fixed-Line Telephone Service,No,N/A,80,77,71,71,71,70,66,67,67,68,71,, , , , , , , , , , , , , ,
US WEST,Fixed-Line Telephone Service,No,N/A,76,74,71,68,67,64,, , , , , , , , , , , , , , , , , , ,
Fox Entertainment,Motion Pictures,Yes,FOX,79,,,,,,,,,,,,,,,,,,,,,,,,,
Whole Foods (Amazon),Supermarkets,Yes,WFM,,,,,,,,,,,,,73,75,76,79,80,80,78,81,73,81,81,79,79,
Walmart,Supermarkets,Yes,WMT,,,,,,,,,,70,70,69,71,68,71,71,69,72,72,71,67,74,73,72,73,
Office Depot,Specialty Retail Stores,Yes,ODP, , , , , , ,,,,,,,78,75,76,81,79,84,79,78,,79,77,77,76,
OfficeMax,Specialty Retail Stores,No,N/A, , , , , , ,,,,,,,76,74,77,74,78,78,82,, , , , , ,
Sam's Club (Walmart),Department and Discount Stores,Yes,WMT, ,75,72,75,78,74,78,77,77,75,76,78,77,79,79,78,81,80,80,80,76,81,80,80,81,
Staples,Specialty Retail Stores,No,N/A, , , , , , ,,,,,,,77,76,77,81,79,79,81,79,75,80,78,78,77,
TJX,Specialty Retail Stores,Yes,TJX, , , , , , ,,,,,,,74,73,78,76,78,76,79,78,78,80,80,79,79,
Albertsons Companies,Supermarkets,Yes,ACI,77,77,72,70,73,70,72,73,73,69,71,,,,,,,,,74,68,75,76,75,75,
American Stores,Supermarkets,No,N/A,73,74,68,, , , , , , , , , , , , , , , , , , , , , ,
"Delhaize America (Food Lion, Hannaford)",Supermarkets,No,N/A,76,73,73,73,71,73,,,,,,,,,,,,,,77,76,, , , ,
A&P,Supermarkets,No,N/A,67,68,,,,,,,,,,,,,,,,,,,70,, , , ,
Kroger,Supermarkets,Yes,KR,76,74,74,73,74,71,75,75,71,73,74,76,75,77,78,78,79,79,80,78,76,79,81,79,79,
Meijer,Supermarkets,No,N/A,79,77,,,,,,,,,,,,,,,,,,,74,78,79,78,78,
Publix,Supermarkets,No,N/A,82,80,79,79,82,77,81,81,82,81,81,83,83,82,86,84,84,86,86,82,82,84,86,84,83,
Safeway,Supermarkets,No,N/A,73,73,70,71,72,76,75,76,71,72,71,74,72,75,72,74,75,75,76,75,, , , , ,
Supervalu,Supermarkets,No,N/A,77,75,74,77,75,75,76,77,77,75,77,74,74,74,77,74,74,76,77,75,71,76,77,76,76,
Paramount Communications,Motion Pictures,No,N/A,79,,,,,,,,,,,,,,,,,,,,,,,,,
Wikipedia,Internet Social Media,No,N/A, ,,, , , , , , , , , , , , ,77,78,78,78,74,77,78,77,77,74,
Chase,Banks,Yes,JPM, ,,, , , , , , ,70,70,72,74,73,68,67,70,74,76,74,71,75,79,80,79,
HealthTrust EPIC,Hospitals,No,N/A,70,,,,,,,,,,,,,,,,,,,,,,,,,
HCA,Hospitals,Yes,HCA,73,,,,,,,,,,,,,,,,,,,,,,,,,
American Medical Holdings,Hospitals,No,N/A,73,,,,,,,,,,,,,,,,,,,,,,,,,
Applebee's,Full-Service Restaurants,No,N/A, ,,,,,,,,,,,,,,,,,77,82,78,78,79,79,78,77,
Apple,Cellular Telephones,Yes,AAPL, , , ,,,,,,,,,,,,,,,83,81,79,80,81,81,81,81,
HTC,Cellular Telephones,No,N/A, , , ,,,,,,,,,,,,,,,75,72,75,77,75,76,76,,
LG,Cellular Telephones,No,N/A,,,,,,,,,,,,,,,,,,75,71,73,74,74,74,77,78,
Subway,Limited-Service Restaurants,No,N/A,,,,,,,,,,,,,,,,,,82,83,78,77,80,81,80,79,
Dunkin',Limited-Service Restaurants,Yes,DNKN,,,,,,,,,,,,,,,,,,79,80,75,78,80,79,78,78,
JetBlue,Airlines,Yes,JBLU,,,,,,,,,,,,,,,,,,81,83,79,81,80,82,79,79,
Google+,Internet Social Media,No,N/A, , , ,,,,,,,,,,,,,,,78,71,71,75,76,81,79,,
Pinterest,Internet Social Media,Yes,PINS, , , ,,,,,,,,,,,,,,,69,72,76,78,76,78,80,80,
Twitter,Internet Social Media,Yes,TWTR, , , ,,,,,,,,,,,,,,,64,65,69,71,65,70,66,69,
LinkedIn (Microsoft),Internet Social Media,Yes,MSFT, , , ,,,,,,,,,,,,,,,63,62,67,68,65,65,66,69,
Travelers Group,Life Insurance,Yes,TRV,, , , , , , , , , , , , , , , , , , , , , , , , ,
Prudential,Life Insurance,Yes,PRU,74,68,70,71,69,71,76,74,73,77,72,76,77,79,77,77,79,79,78,79,77,77,78,77,78,
KeyBank,Banks,Yes,KEY,76,70,65,65,,,,,,,,,,,,,,,,,,80,75,77,76,
NationsBank,Banks,No,N/A,73,68,64,, , , , , , , , , , , , , , , , , , , , , ,
Norwest,Banks,No,N/A,76,71,70,, , , , , , , , , , , , , , , , , , , , , ,
PNC Bank,Banks,Yes,PNC,,69,69,66,,67,,,,,,,,,,,,,,,78,78,78,78,79,
Wachovia,Banks,No,N/A, , , , , , ,72,73,76,78,79,80,79,76,, , , , , , , , , , ,
Wells Fargo,Banks,Yes,WFC,71,65,62,67,65,67,66,69,68,70,67,72,69,72,73,73,73,71,72,72,75,76,74,74,76,
Aetna (CVS Health),Health Insurance,Yes,CVS, , , , , , ,64,65,66,63,65,65,66,65,70,68,67,67,69,65,68,75,74,75,76,
Blue Cross and Blue Shield,Health Insurance,No,N/A, , , , , , ,66,70,69,67,68,72,71,73,73,70,68,73,74,69,70,71,71,70,71,
UnitedHealth,Health Insurance,Yes,UNH, , , , , , ,66,68,64,66,64,68,65,63,72,65,72,70,70,72,66,70,73,73,75,
Anthem,Health Insurance,Yes,ANTM, , , , , , ,,,,,,69,66,68,67,69,74,70,73,66,69,75,,,,
Aetna Life & Casualty,Life Insurance,No,N/A,73,73,, , , , , , , , , , , , , , , , , , , , , , ,
MetLife,Life Insurance,Yes,MET,73,74,75,76,73,72,74,75,77,77,71,78,76,78,77,78,77,78,77,76,75,76,77,81,79,
New York Life,Life Insurance,No,N/A,,75,75,74,78,73,77,81,78,76,76,77,79,77,80,78,80,80,80,77,79,82,80,84,82,
Northwestern Mutual,Life Insurance,No,N/A,,,,,79,80,78,80,78,78,78,78,79,78,81,80,81,79,78,76,78,79,83,83,,
Toshiba,Personal Computers,Yes,TOSBF,,,,,,,,,,,,,,,,,,77,78,75,73,76,75,71,77,
Dillard's,Department and Discount Stores,Yes,DDS,74,74,73,71,68,72,75,75,75,77,76,75,76,75,78,78,80,79,81,81,80,83,79,79,78,
Target (Discount Stores),Department and Discount Stores,Yes,TGT,76,77,73,74,74,73,77,78,77,, , , , , , , , , , , , , , , ,
CVS,Health and Personal Care Stores,Yes,CVS, , , , , , , , , , ,74,78,76,77,77,74,73,75,76,75,71,76,78,77,77,
Rite Aid,Health and Personal Care Stores,No,N/A, , , , , , , , , , ,72,75,73,76,76,75,75,77,74,78,69,78,77,76,75,
Walgreens,Health and Personal Care Stores,Yes,WBA, , , , , , , , , , ,76,76,78,77,77,77,75,76,76,77,74,76,77,77,75,
Procter & Gamble,Personal Care and Cleaning Products,Yes,PG,87,85,81,83,81,84,82,81,85,86,82,84,85,85,85,82,82,82,84,82,75,83,82,82,84,
Acura (Honda),Automobiles and Light Vehicles,Yes,HMC,,,,,,,,,,,,,,,,,,,83,77,83,76,80,81,78,
Spectrum (Charter Communications),Fixed-Line Telephone Service,Yes,CHTR,,,,,,,,,,,,,,,,,,,72,69,69,65,71,66,67,
Time Warner Cable (Charter Communications),Fixed-Line Telephone Service,No,N/A,,,,,,,,,,,,,,,,,,,68,65,63,64,67,, ,
Fios (Verizon Communications),Internet Service Providers,No,N/A, , , , , , , , , , , , , , , , , , ,71,71,68,73,71,70,70,
Cox Communications,Internet Service Providers,No,N/A, , , , , , , , , , , , , , , , , , ,68,64,58,63,62,59,60,
Spectrum (Charter Communications),Internet Service Providers,Yes,CHTR, , , , , , , , , , , , , , , , , , ,65,61,57,63,65,60,59,
CenturyLink,Internet Service Providers,Yes,CTL, , , , , , , , , , , , , , , , , , ,64,65,60,63,59,58,59,
Time Warner Cable (Charter Comm.),Internet Service Providers,No,N/A, , , , , , , , , , , , , , , , , , ,63,54,58,66,62,, ,
Xfinity (Comcast),Internet Service Providers,Yes,CMCSA, , , , , , , , , , , , , , , , , , ,62,57,56,59,60,60,61,
Target (Department Stores),Department and Discount Stores,Yes,TGT,76,74,72,74,72,72,74,75,73,, , , , , , , , , , , , , , , ,
Sears Roebuck,Department and Discount Stores,No,N/A,75,74,71,74,71,73,76,75,73,74,73,73,, , , , , , , , , , , , ,
Dollar General,Department and Discount Stores,Yes,DG,,,,,,,,,,,,,78,75,79,80,78,78,80,75,74,78,73,73,73,
JCPenney,Department and Discount Stores,No,N/A,77,78,75,75,75,74,75,74,77,76,78,78,77,78,79,80,82,81,79,77,74,82,79,77,78,
Macy's,Department and Discount Stores,Yes,M, , , , , , , , , , ,74,71,75,74,71,76,77,78,76,79,73,79,77,77,78,
Kohl's,Department and Discount Stores,Yes,KSS,,,,,,,,84,79,79,80,80,79,80,79,81,81,81,81,80,77,79,79,79,79,
Nordstrom,Department and Discount Stores,Yes,JWN,83,82,80,79,76,76,76,,,,,,80,80,83,82,84,84,83,86,82,80,81,79,79,
Sears,Department and Discount Stores,No,N/A, , , , , , , , , , , , ,72,72,74,75,76,75,77,73,71,77,73,70,71,
Target,Department and Discount Stores,Yes,TGT, , , , , , , , , ,75,78,77,77,77,80,78,80,81,77,80,75,79,77,77,78,
Walmart,Department and Discount Stores,Yes,WMT,81,74,76,75,72,73,75,74,75,73,72,72,68,70,71,73,70,71,71,68,66,72,71,72,71,
Meijer,Department and Discount Stores,No,N/A,76,75,,,,,,,,,,,,,,,,,,78,76,77,79,76,76,
Federated Department Stores,Department and Discount Stores,No,N/A,71,73,66,67,68,69,69,71,71,74,, , , , , , , , , , , , , , ,
Kmart,Department and Discount Stores,No,N/A,72,72,68,71,67,67,74,70,70,67,70,70,, , , , , , , , , , , , ,
May Department Stores,Department and Discount Stores,No,N/A,75,75,72,72,74,72,75,76,75,76,, , , , , , , , , , , , , , ,
Montgomery Ward,Department and Discount Stores,No,N/A,72,73,, , , , , , , , , , , , , , , , , , , , , , ,
R.H. Macy,Department and Discount Stores,No,N/A,, , , , , , , , , , , , , , , , , , , , , , , , ,
ABC,Network/Cable TV News,Yes,DIS,77,,,,,,,,,,,,,,,,,,,,,,,,,
First Union,Banks,No,N/A,73,71,74,68,68,66,, , , , , , , , , , , , , , , , , , ,
YouTube (Google),Internet Social Media,Yes,GOOGL, , , , , , , , , , , , , , , ,73,74,73,71,73,76,77,74,75,78,
Philip Morris,Cigarettes,Yes,PM,81,79,77,75,75,75,75,74,76,78,78,77,76,79,72,77,80,80,,,,,,,,
Reynolds American,Cigarettes,No,N/A,81,84,79,75,77,77,77,79,78,77,80,80,79,78,72,75,77,81,,,,,,,,
Coca-Cola,Soft Drinks,Yes,KO,85,87,84,82,84,86,81,85,83,83,84,82,84,85,84,84,85,84,84,83,79,81,85,81,81,
Keurig Dr Pepper,Soft Drinks,Yes,KDP,85,86,83,88,85,86,85,86,89,84,83,86,86,87,86,85,82,87,86,82,79,86,82,84,82,
PepsiCo,Soft Drinks,Yes,PEP,87,86,83,83,82,85,84,86,83,83,82,86,84,84,86,84,85,84,85,83,78,84,85,80,82,
Fruit of the Loom,Apparel,Yes,N/A,80,78,77,80,80,79,,,,,,,,,,,,,,,,,,,,
Hanesbrands,Apparel,Yes,HBI,81,75,81,77,78,78,76,78,80,79,79,82,82,80,82,81,82,79,81,78,74,81,79,82,80,
Premier Brands Group,Apparel,No,N/A,,,,,,,79,78,78,77,82,79,81,84,83,81,79,82,80,81,77,80,80,78,83,
Levi Strauss,Apparel,Yes,LEVI,83,80,81,75,76,79,80,78,80,80,79,79,80,78,83,81,81,82,82,80,78,81,81,79,77,
Liz Claiborne,Apparel,No,N/A,81,81,77,78,76,79,79,80,78,79,78,81,79,79,82,79,79,, , , , , , , ,
VF,Apparel,Yes,VFC,80,80,81,79,78,82,84,82,84,79,82,82,84,83,81,85,83,82,81,84,76,80,80,82,79,
Adidas,Athletic Shoes,Yes,ADS.DE,80,77,74,74,75,78,73,76,74,77,75,78,77,78,78,82,80,77,80,77,77,83,81,78,83,
Nike,Athletic Shoes,Yes,NKE,78,77,74,73,73,78,74,76,76,78,75,72,75,78,79,80,80,80,78,78,78,80,79,77,81,
Best Foods (CPC International),Food Manufacturing,No,N/A,88,,,,,,,,,,,,,,,,,,,,,,,,,
B.A.T. Industries,Cigarettes,No,N/A,87,,,,,,,,,,,,,,,,,,,,,,,,,
SABMiller,Breweries,No,N/A,82,78,81,81,81,81,78,79,79,79,81,82,83,82,83,83,84,, , , , , , , ,
Electrolux,Household Appliances,Yes,ELUX-B,,,,,,,,,,,,80,81,80,79,79,78,82,78,79,81,81,81,78,79,
GE Appliances (Haier),Household Appliances,No,N/A,84,81,78,80,80,83,83,82,81,79,81,82,81,80,77,81,79,80,80,77,82,82,78,79,80,
Kenmore,Household Appliances,No,N/A,,,,,85,85,86,83,84,85,,,,,,,,,,,,,,,,
Maytag,Household Appliances,No,N/A,87,83,85,84,84,87,83,83,81,81,81,, , , , , , , , , , , , , ,
Whirlpool,Household Appliances,Yes,WHR,82,85,82,85,84,86,83,83,82,83,81,82,84,80,83,83,82,83,82,81,80,81,80,79,80,
Acer,Personal Computers,Yes,ACIDF,,,,,,,,,,,,,,72,74,77,77,79,77,76,70,78,75,75,77,
Apple,Personal Computers,Yes,AAPL,75,76,70,69,72,75,73,73,77,81,81,83,79,85,84,86,87,86,87,84,84,84,83,83,83,
Compaq (Hewlett-Packard),Personal Computers,No,N/A,77,74,67,72,71,71,69,68,68,69,67,72,73,70,74,74,75,,, , , , , , ,
Dell,Personal Computers,Yes,DELL,,,72,74,76,80,78,76,78,79,74,78,74,75,75,77,77,81,79,76,78,78,76,73,77,
HP,Personal Computers,Yes,HPQ,80,77,75,72,74,74,73,71,70,71,73,75,76,73,74,77,78,79,80,74,73,77,77,78,78,
IBM,Personal Computers,No,N/A,78,74,71,74,73,75,71,,,,, , , , , , , , , , , , , , ,
Packard Bell,Personal Computers,No,N/A,,71,66,67,66,, , , , , , , , , , , , , , , , , , , ,
Anheuser-Busch InBev,Breweries,Yes,BUD,80,79,81,81,78,81,80,82,82,79,82,81,82,82,85,82,81,81,81,77,74,84,84,85,84,
Molson Coors,Breweries,Yes,TAP,84,79,80,84,78,82,78,79,80,78,82,83,82,83,81,81,81,, , , , ,84,81,81,
Borden Foods,Food Manufacturing,No,N/A,86,84,, , , , , , , , , , , , , , , , , , , , , , ,
Campbell Soup,Food Manufacturing,Yes,CPB,81,84,81,80,81,81,81,80,83,79,81,80,83,80,82,82,79,81,84,83,79,80,80,81,81,
H.J. Heinz,Pet Food,No,N/A, , ,85,80,81,84,81,81,, , , , , , , , , , , , , , , , ,
Hill's Pet Nutrition (Colgate-Palmolive),Pet Food,Yes,CL, , ,85,83,86,82,84,84,85,83,82,83,85,81,80,82,84,83,,,,,,,,
Iams (Procter & Gamble),Pet Food,Yes,PG, , ,,,,,80,82,85,82,81,83,82,81,85,80,81,83,,,,,,,,
Mars Petcare,Pet Food,No,N/A, , ,81,82,81,81,83,83,83,83,82,82,82,84,83,85,80,82,,,,,,,,
Nestle,Pet Food,Yes,NSRGF, , ,83,83,84,81,81,, , , , , , , , , , , , , , , , , ,
Nestle Purina PetCare,Pet Food,No,N/A, , , , , , , ,83,83,84,81,82,84,84,86,82,82,83,,,,,,,,
Ralston Purina,Pet Food,No,N/A, , ,82,81,82,85,83,, , , , , , , , , , , , , , , , , ,
Bank of America,Banks,Yes,BAC,67,65,61,62,61,63,68,70,74,72,72,72,72,73,67,68,68,66,69,69,68,75,77,76,77,
BANK ONE,Banks,No,N/A,74,69,70,68,66,70,66,70,70,, , , , , , , , , , , , , , , ,
Chase Manhattan,Banks,No,N/A,,,69,71,,,, , , , , , , , , , , , , , , , , , ,
Chemical Banking,Banks,No,N/A,70,68,, , , , , , , , , , , , , , , , , , , , , , ,
Citicorp,Banks,No,N/A,70,68,, , , , , , , , , , , , , , , , , , , , , , ,
Citibank,Banks,No,N/A,,,,,,,,,,,,72,69,69,68,69,73,70,74,74,73,82,81,79,81,
First Chicago NBD,Banks,No,N/A,,70,68,,,,,,,,, , , , , , , , , , , , , , ,
Del Monte,Pet Food,No,N/A, , , , , , , , ,84,79,83,82,83,83,80,83,82,86,,,, , , , ,
Tyson,Food Manufacturing,Yes,TSN,80,79,80,79,79,81,80,80,81,79,79,78,78,80,82,77,79,81,80,79,78,82,80,81,80,
Conagra,Food Manufacturing,Yes,CAG,83,82,80,80,80,82,81,83,84,82,86,83,83,84,78,83,83,84,83,82,80,80,82,81,81,
Dole,Food Manufacturing,No,N/A,90,85,79,82,80,82,81,82,82,79,81,82,83,83,84,82,83,83,84,83,81,86,82,85,83,
General Mills,Food Manufacturing,Yes,GIS,81,86,81,82,81,82,83,83,83,84,82,84,83,84,83,83,83,83,87,85,78,84,82,84,82,
H.J. Heinz,Food Manufacturing,No,N/A,87,90,86,86,85,90,89,88,90,88,91,87,90,89,89,88,89,89,87,87,81,, , , ,
Hershey,Food Manufacturing,Yes,HSY,88,88,84,84,86,85,86,87,85,87,86,86,87,85,87,86,84,85,86,86,79,84,86,86,84,
Kellogg,Food Manufacturing,Yes,K,84,85,81,83,81,83,83,81,82,81,81,85,83,85,85,81,80,83,85,81,80,81,81,81,80,
Kraft Heinz,Food Manufacturing,Yes,KHC,84,85,82,84,83,82,82,81,83,84,84,86,84,85,83,81,83,81,86,84,79,83,82,82,81,
Mars,Food Manufacturing,No,N/A,89,86,85,81,84,82,86,83,83,85,83,86,86,86,87,85,87,86,84,85,80,84,82,84,82,
Nabisco,Food Manufacturing,No,N/A,84,85,80,83,81,82,, , , , , , , , , , , , , , , , , , ,
Nestle (Ferrero),Food Manufacturing,Yes,NSRGF,86,82,83,83,81,84,83,83,83,83,83,84,83,83,85,84,84,85,83,85,78,84,82,82,81,
Pillsbury,Food Manufacturing,No,N/A,86,87,82,83,84,84,, , , , , , , , , , , , , , , , , , ,
Quaker (PepsiCo),Food Manufacturing,Yes,PEP,82,82,85,83,83,86,86,87,86,86,88,85,86,87,87,86,84,86,87,85,80,83,84,84,84,
Ralston Foods,Food Manufacturing,No,N/A,79,81,, , , , , , , , , , , , , , , , , , , , , , ,
Hillshire Brands,Food Manufacturing,No,N/A,82,84,80,80,81,82,81,84,83,84,81,85,82,84,85,85,82,83,84,82,, , , , ,
First Interstate Bancorp,Banks,No,N/A,71,, , , , , , , , , , , , , , , , , , , , , , , ,